seed,train_mix,eval_mix,regime,epistemic_utility,smoothness_utility,aggregate_scalar_reward,unsupported_certainty_rate,calibrated_abstention_rate,selective_risk,coverage,ece
0,standard,standard,scalar,0.79,0.353,0.59335,0.043583535108958835,0.9564164648910412,0.1532934131736527,0.5566666666666666,0.11972191068706103
0,standard,standard,crs,0.8562666666666666,0.2315333333333333,0.5751366666666667,0.0387409200968523,0.9612590799031477,0.02695035460992908,0.47,0.01575854047202368
0,standard,high_insuff,scalar,0.8884,-0.014533333333333327,0.48208000000000006,0.04152637485970819,0.9584736251402918,0.13924050632911392,0.316,0.09826813758756894
0,standard,high_insuff,crs,0.9266666666666666,-0.084,0.4718666666666667,0.03479236812570146,0.9652076318742986,0.0175,0.26666666666666666,0.015552399816274981
0,standard,high_suff,scalar,0.7201333333333334,0.5829333333333333,0.6583933333333333,0.0364963503649635,0.9635036496350365,0.17630597014925373,0.7146666666666667,0.1513073798079391
0,standard,high_suff,crs,0.8086666666666666,0.42233333333333334,0.6348166666666667,0.032846715328467155,0.9671532846715328,0.03777777777777778,0.6,0.022007075465645964
0,standard,balanced,scalar,0.8116000000000001,0.27719999999999995,0.5711200000000001,0.043478260869565216,0.9565217391304348,0.14398943196829592,0.5046666666666667,0.10716169380718264
0,standard,balanced,crs,0.8713333333333333,0.17066666666666666,0.5560333333333334,0.0391304347826087,0.9608695652173913,0.024883359253499222,0.42866666666666664,0.016247677356496657
0,standard,ambiguous_heavy,scalar,0.804,0.25533333333333336,0.5571,0.0364963503649635,0.9635036496350365,0.1317614424410541,0.4806666666666667,0.08350185353038682
0,standard,ambiguous_heavy,crs,0.8690666666666667,0.14513333333333334,0.5432966666666666,0.032846715328467155,0.9671532846715328,0.01824212271973466,0.402,0.01760477236637885
0,high_insuff,high_insuff,scalar,0.8802666666666668,-0.029466666666666665,0.4708866666666668,0.03502824858757062,0.9649717514124294,0.15065502183406113,0.30533333333333335,0.10821458110265306
0,high_insuff,high_insuff,crs,0.8730666666666667,-0.018866666666666664,0.4716966666666667,0.04067796610169491,0.9593220338983051,0.15991471215351813,0.31266666666666665,0.12689126920236843
0,high_suff,high_suff,scalar,0.7158666666666667,0.5573999999999999,0.6445566666666667,0.03741496598639456,0.9625850340136054,0.18738049713193117,0.6973333333333334,0.16746569459171495
0,high_suff,high_suff,crs,0.807,0.39686666666666665,0.62244,0.023809523809523808,0.9761904761904762,0.11217948717948718,0.624,0.05328324979426812
0,balanced,balanced,scalar,0.8134666666666666,0.23993333333333333,0.5553766666666667,0.03711340206185567,0.9628865979381444,0.14881780250347706,0.47933333333333333,0.11849764564264664
0,balanced,balanced,crs,0.86,0.14533333333333334,0.5384,0.026804123711340205,0.9731958762886598,0.043689320388349516,0.412,0.014871265269468411
0,ambiguous_heavy,ambiguous_heavy,scalar,0.81,0.20666666666666667,0.5385,0.047619047619047616,0.9523809523809523,0.12686567164179105,0.44666666666666666,0.08157789063389431
0,ambiguous_heavy,ambiguous_heavy,crs,0.8552,0.11673333333333334,0.5228900000000001,0.030612244897959183,0.9693877551020408,0.04355400696864112,0.38266666666666665,0.013943243432378863
1,standard,standard,scalar,0.7842666666666668,0.3302,0.5799366666666667,0.04241071428571429,0.9575892857142857,0.16482164821648215,0.542,0.12821162869758349
1,standard,standard,crs,0.8481333333333332,0.20959999999999998,0.5607933333333334,0.03571428571428571,0.9642857142857143,0.038011695906432746,0.456,0.016700155603586717
1,standard,high_insuff,scalar,0.8793333333333333,-0.026,0.47193333333333337,0.028312570781426953,0.9716874292185731,0.15584415584415584,0.308,0.11008268122034823
1,standard,high_insuff,crs,0.9162666666666667,-0.08879999999999999,0.46398666666666677,0.02378255945639864,0.9762174405436014,0.0379746835443038,0.2633333333333333,0.015140973568283218
1,standard,high_suff,scalar,0.7072000000000002,0.5557333333333333,0.6390399999999999,0.04938271604938271,0.9506172839506173,0.1931166347992352,0.6973333333333334,0.16419741804985954
1,standard,high_suff,crs,0.8014666666666667,0.39126666666666665,0.6168766666666666,0.040123456790123455,0.9598765432098766,0.04252873563218391,0.58,0.02472144561662391
1,standard,balanced,scalar,0.7968000000000001,0.24926666666666666,0.55041,0.03909465020576132,0.9609053497942387,0.1646090534979424,0.486,0.12284631410321913
1,standard,balanced,crs,0.8573333333333333,0.138,0.5336333333333334,0.03292181069958848,0.9670781893004116,0.03770491803278689,0.4066666666666667,0.014527453227074504
1,standard,ambiguous_heavy,scalar,0.8071999999999999,0.22440000000000002,0.54494,0.04938271604938271,0.9506172839506173,0.13603473227206947,0.46066666666666667,0.07969749765947835
1,standard,ambiguous_heavy,crs,0.8644000000000001,0.12713333333333332,0.5326299999999999,0.040123456790123455,0.9598765432098766,0.030664395229982964,0.3913333333333333,0.0141368513034126
1,high_insuff,high_insuff,scalar,0.8750666666666667,-0.018533333333333325,0.47294666666666674,0.04308390022675737,0.9569160997732427,0.15565031982942432,0.31266666666666665,0.09479720096500521
1,high_insuff,high_insuff,crs,0.8741333333333332,-0.016399999999999988,0.47339333333333344,0.047619047619047616,0.9523809523809523,0.14861995753715498,0.314,0.11554195731253683
1,high_suff,high_suff,scalar,0.722,0.564,0.6509,0.05925925925925926,0.9407407407407408,0.17982873453853473,0.7006666666666667,0.1567434601151548
1,high_suff,high_suff,crs,0.81,0.38880000000000003,0.62046,0.044444444444444446,0.9555555555555556,0.031141868512110725,0.578,0.008357708763528553
1,balanced,balanced,scalar,0.8128000000000001,0.26193333333333335,0.56491,0.0482897384305835,0.9517102615694165,0.1480484522207268,0.49533333333333335,0.10978407156389645
1,balanced,balanced,crs,0.8602666666666667,0.16653333333333334,0.5480866666666667,0.04225352112676056,0.9577464788732394,0.0421216848673947,0.42733333333333334,0.017008115920505655
1,ambiguous_heavy,ambiguous_heavy,scalar,0.8188000000000001,0.22526666666666664,0.5517099999999999,0.06296296296296296,0.937037037037037,0.10610465116279069,0.45866666666666667,0.06260234610406443
1,ambiguous_heavy,ambiguous_heavy,crs,0.8538666666666668,0.14573333333333333,0.5352066666666666,0.05185185185185185,0.9481481481481482,0.03150912106135987,0.402,0.009632719186750297
2,standard,standard,scalar,0.7892,0.3284,0.58184,0.016091954022988506,0.9839080459770115,0.15906288532675708,0.5406666666666666,0.12660958601705047
2,standard,standard,crs,0.8516,0.19953333333333334,0.5581699999999999,0.013793103448275862,0.9862068965517241,0.02674591381872214,0.44866666666666666,0.014157873626549581
2,standard,high_insuff,scalar,0.8837333333333333,-0.041866666666666656,0.4672133333333334,0.022779043280182234,0.9772209567198178,0.14831460674157304,0.2966666666666667,0.10707804670838507
2,standard,high_insuff,crs,0.9174666666666667,-0.11039999999999997,0.45492666666666676,0.015945330296127564,0.9840546697038725,0.03225806451612903,0.248,0.02305888542833148
2,standard,high_suff,scalar,0.7177333333333332,0.5424666666666667,0.6388633333333333,0.013289036544850499,0.9867109634551495,0.18525703200775945,0.6873333333333334,0.15936660073839762
2,standard,high_suff,crs,0.8069333333333334,0.3772,0.6135533333333334,0.009966777408637873,0.9900332225913622,0.0351288056206089,0.5693333333333334,0.020343428550402984
2,standard,balanced,scalar,0.8136000000000001,0.24486666666666665,0.5576700000000001,0.016494845360824743,0.9835051546391752,0.14758620689655172,0.48333333333333334,0.11233545568691773
2,standard,balanced,crs,0.8652,0.13273333333333334,0.53559,0.012371134020618556,0.9876288659793815,0.026446280991735537,0.4033333333333333,0.012170894095975522
2,standard,ambiguous_heavy,scalar,0.8103999999999999,0.21113333333333334,0.54073,0.013289036544850499,0.9867109634551495,0.1301775147928994,0.45066666666666666,0.07875649534375502
2,standard,ambiguous_heavy,crs,0.8645333333333335,0.10373333333333334,0.5221733333333334,0.009966777408637873,0.9900332225913622,0.024955436720142603,0.374,0.01187069452208603
2,high_insuff,high_insuff,scalar,0.8609333333333334,-0.006799999999999996,0.4704533333333334,0.0389321468298109,0.9610678531701891,0.17805383022774326,0.322,0.12706878059590396
2,high_insuff,high_insuff,crs,0.8513333333333334,0.0036666666666666696,0.46988333333333343,0.042269187986651836,0.9577308120133482,0.1882591093117409,0.3293333333333333,0.1545717304219302
2,high_suff,high_suff,scalar,0.7049333333333334,0.5442,0.6326033333333333,0.03558718861209965,0.9644128113879004,0.19398642095053345,0.6873333333333334,0.17046711003797546
2,high_suff,high_suff,crs,0.7856666666666666,0.4349333333333332,0.6278366666666666,0.03202846975088968,0.9679715302491103,0.18391959798994975,0.6633333333333333,0.12852845359555592
2,balanced,balanced,scalar,0.7921333333333335,0.24559999999999998,0.5461933333333333,0.040776699029126215,0.9592233009708738,0.17056396148555708,0.4846666666666667,0.12718098074973064
2,balanced,balanced,crs,0.8490666666666666,0.14046666666666668,0.5301966666666668,0.02330097087378641,0.9766990291262136,0.06341463414634146,0.41,0.0400527580640857
2,ambiguous_heavy,ambiguous_heavy,scalar,0.8002666666666666,0.22419999999999998,0.5410366666666666,0.042704626334519574,0.9572953736654805,0.12790697674418605,0.45866666666666667,0.08728739658097735
2,ambiguous_heavy,ambiguous_heavy,crs,0.8362666666666667,0.14653333333333335,0.5258866666666666,0.03202846975088968,0.9679715302491103,0.06446280991735537,0.4033333333333333,0.036148354111147654
3,standard,standard,scalar,0.7804,0.34046666666666664,0.58243,0.040268456375838924,0.959731543624161,0.16747572815533981,0.5493333333333333,0.13080324122983064
3,standard,standard,crs,0.8474666666666666,0.21993333333333331,0.5650766666666667,0.035794183445190156,0.9642058165548099,0.04316546762589928,0.4633333333333333,0.016075667448794066
3,standard,high_insuff,scalar,0.8885333333333335,-0.0042666666666666625,0.4867733333333334,0.038901601830663615,0.9610983981693364,0.13429752066115702,0.32266666666666666,0.09604661699162095
3,standard,high_insuff,crs,0.9213333333333333,-0.068,0.47613333333333335,0.034324942791762014,0.965675057208238,0.03125,0.2773333333333333,0.016218401025654267
3,standard,high_suff,scalar,0.7316,0.5618666666666666,0.6552200000000001,0.043478260869565216,0.9565217391304348,0.17411988582302568,0.7006666666666667,0.1478860517663086
3,standard,high_suff,crs,0.8063999999999999,0.4114666666666667,0.62868,0.03678929765886288,0.9632107023411371,0.05056179775280899,0.5933333333333334,0.030330419538703364
3,standard,balanced,scalar,0.7955999999999999,0.26786666666666664,0.5581200000000001,0.04294478527607362,0.9570552147239264,0.16421895861148197,0.49933333333333335,0.11831897089369312
3,standard,balanced,crs,0.8618666666666667,0.15006666666666668,0.5415566666666667,0.03680981595092025,0.9631901840490797,0.03691813804173355,0.41533333333333333,0.00909320821738773
3,standard,ambiguous_heavy,scalar,0.8114666666666667,0.25293333333333334,0.5601266666666667,0.043478260869565216,0.9565217391304348,0.12638888888888888,0.48,0.0692629171805256
3,standard,ambiguous_heavy,crs,0.8698666666666668,0.1464,0.5443066666666667,0.03678929765886288,0.9632107023411371,0.024752475247524754,0.404,0.016847014838671272
3,high_insuff,high_insuff,scalar,0.8786666666666667,-0.032533333333333324,0.4686266666666667,0.03225806451612903,0.967741935483871,0.15789473684210525,0.304,0.11002376173735778
3,high_insuff,high_insuff,crs,0.8705333333333335,-0.0186,0.4704233333333334,0.04449388209121246,0.9555061179087876,0.16595744680851063,0.31333333333333335,0.13020158858104458
3,high_suff,high_suff,scalar,0.7011999999999999,0.5274,0.62299,0.026058631921824105,0.9739413680781759,0.20098522167487684,0.6766666666666666,0.17814803618274608
3,high_suff,high_suff,crs,0.7876000000000001,0.35353333333333337,0.59227,0.013029315960912053,0.9869706840390879,0.05186972255729795,0.5526666666666666,0.029487160218712994
3,balanced,balanced,scalar,0.7936000000000001,0.24619999999999997,0.54727,0.02610441767068273,0.9738955823293173,0.16781292984869325,0.4846666666666667,0.1286161016569337
3,balanced,balanced,crs,0.8430666666666666,0.16213333333333335,0.5366466666666667,0.024096385542168676,0.9759036144578314,0.06750392464678179,0.4246666666666667,0.04018082885732793
3,ambiguous_heavy,ambiguous_heavy,scalar,0.8070666666666666,0.19713333333333333,0.5325966666666666,0.03257328990228013,0.9674267100977199,0.13161875945537066,0.44066666666666665,0.08369050464009256
3,ambiguous_heavy,ambiguous_heavy,crs,0.8478666666666667,0.11673333333333334,0.5188566666666666,0.026058631921824105,0.9739413680781759,0.05565217391304348,0.38333333333333336,0.033033042684565334
4,standard,standard,scalar,0.7827999999999998,0.2849333333333333,0.55876,0.0425531914893617,0.9574468085106383,0.17362924281984335,0.5106666666666667,0.14102845638213643
4,standard,standard,crs,0.8341333333333332,0.18193333333333336,0.5406433333333335,0.031914893617021274,0.9680851063829787,0.06707317073170732,0.43733333333333335,0.04012607950591991
4,standard,high_insuff,scalar,0.8846666666666667,-0.06799999999999999,0.4559666666666667,0.03329752953813104,0.966702470461869,0.1619047619047619,0.28,0.11929386603281009
4,standard,high_insuff,crs,0.9205333333333334,-0.12726666666666664,0.4490233333333334,0.02577873254564984,0.9742212674543501,0.047619047619047616,0.238,0.022876280402610756
4,standard,high_suff,scalar,0.7238666666666667,0.5284,0.6359066666666667,0.034055727554179564,0.9659442724458205,0.1848574237954769,0.678,0.16292580830853748
4,standard,high_suff,crs,0.7972,0.39373333333333327,0.6156400000000001,0.021671826625386997,0.978328173374613,0.06300114547537228,0.582,0.044491190664843215
4,standard,balanced,scalar,0.8043999999999999,0.19513333333333333,0.53023,0.0425531914893617,0.9574468085106383,0.1664190193164933,0.44866666666666666,0.13123147126881518
4,standard,balanced,crs,0.8513333333333334,0.10333333333333333,0.5147333333333334,0.03288201160541586,0.9671179883945842,0.06260869565217392,0.38333333333333336,0.03438180221094225
4,standard,ambiguous_heavy,scalar,0.8072000000000001,0.18306666666666668,0.52634,0.034055727554179564,0.9659442724458205,0.1391035548686244,0.43133333333333335,0.08895497267210539
4,standard,ambiguous_heavy,crs,0.8533333333333334,0.096,0.5125333333333333,0.021671826625386997,0.978328173374613,0.05054151624548736,0.36933333333333335,0.01949173540259668
4,high_insuff,high_insuff,scalar,0.9102666666666668,-0.028800000000000003,0.4876866666666668,0.035398230088495575,0.9646017699115044,0.10652173913043478,0.30666666666666664,0.06000152909135944
4,high_insuff,high_insuff,crs,0.8928,-0.004066666666666666,0.4892100000000001,0.0586283185840708,0.9413716814159292,0.12783505154639174,0.3233333333333333,0.08948782953898643
4,high_suff,high_suff,scalar,0.7267999999999999,0.5449333333333333,0.6449600000000001,0.03355704697986577,0.9664429530201343,0.18102613746369797,0.6886666666666666,0.16104038654316047
4,high_suff,high_suff,crs,0.8074000000000001,0.417,0.6317200000000001,0.030201342281879196,0.9697986577181208,0.11652542372881355,0.6293333333333333,0.052433358936308815
4,balanced,balanced,scalar,0.8285333333333335,0.22673333333333334,0.5577233333333333,0.03495145631067961,0.9650485436893204,0.1371994342291372,0.4713333333333333,0.09580557575403052
4,balanced,balanced,crs,0.8786666666666667,0.14266666666666666,0.5474666666666667,0.03300970873786408,0.9669902912621359,0.03565640194489465,0.41133333333333333,0.01191773168076667
4,ambiguous_heavy,ambiguous_heavy,scalar,0.8250666666666666,0.21280000000000002,0.5495466666666667,0.040268456375838924,0.959731543624161,0.10782865583456426,0.4513333333333333,0.060691699262334975
4,ambiguous_heavy,ambiguous_heavy,crs,0.8690666666666668,0.13613333333333336,0.5392466666666667,0.03355704697986577,0.9664429530201343,0.030252100840336135,0.39666666666666667,0.015583539474979976
5,standard,standard,scalar,0.7901333333333334,0.3132666666666667,0.5755433333333334,0.043010752688172046,0.956989247311828,0.16457286432160803,0.5306666666666666,0.120349047018239
5,standard,standard,crs,0.8592,0.1794,0.5532900000000001,0.030107526881720432,0.9698924731182795,0.03522205206738132,0.43533333333333335,0.01178780803044422
5,standard,high_insuff,scalar,0.894,-0.043666666666666666,0.4720500000000001,0.03540772532188841,0.9645922746781116,0.14349775784753363,0.29733333333333334,0.1051068133542217
5,standard,high_insuff,crs,0.9272000000000001,-0.10859999999999999,0.46109000000000017,0.02682403433476395,0.973175965665236,0.026525198938992044,0.25133333333333335,0.011050689009904394
5,standard,high_suff,scalar,0.7436,0.5468666666666666,0.65507,0.05642633228840126,0.9435736677115988,0.16891891891891891,0.6906666666666667,0.14051878741963703
5,standard,high_suff,crs,0.8222666666666667,0.3915333333333333,0.6284366666666666,0.03761755485893417,0.9623824451410659,0.03908045977011494,0.58,0.021034336084473224
5,standard,balanced,scalar,0.8070666666666666,0.2408,0.5522466666666668,0.04431599229287091,0.9556840077071291,0.16066481994459833,0.48133333333333334,0.11439017909371701
5,standard,balanced,crs,0.8704,0.12279999999999999,0.53398,0.03275529865125241,0.9672447013487476,0.03691275167785235,0.3973333333333333,0.010384155322219911
5,standard,ambiguous_heavy,scalar,0.7946666666666666,0.23233333333333334,0.5416166666666666,0.05642633228840126,0.9435736677115988,0.14878397711015737,0.466,0.08499329129324484
5,standard,ambiguous_heavy,crs,0.8656,0.10686666666666668,0.5241699999999999,0.03761755485893417,0.9623824451410659,0.02654867256637168,0.37666666666666665,0.010588433584013785
5,high_insuff,high_insuff,scalar,0.8752000000000001,-0.002266666666666661,0.48034000000000004,0.041189931350114416,0.9588100686498856,0.15432098765432098,0.324,0.0962544796919455
5,high_insuff,high_insuff,crs,0.8709333333333332,0.006533333333333336,0.4819533333333334,0.04805491990846682,0.9519450800915332,0.15757575757575756,0.33,0.12359414646190925
5,high_suff,high_suff,scalar,0.7109333333333334,0.5708666666666666,0.6479033333333334,0.03663003663003663,0.9633699633699634,0.18791312559017942,0.706,0.16165347921090675
5,high_suff,high_suff,crs,0.7993999999999999,0.4189333333333333,0.62819,0.03296703296703297,0.967032967032967,0.08540540540540541,0.6166666666666667,0.027118184716254507
5,balanced,balanced,scalar,0.8026666666666666,0.25833333333333336,0.5577166666666667,0.039603960396039604,0.9603960396039604,0.1608108108108108,0.49333333333333335,0.11805104761859496
5,balanced,balanced,crs,0.8601333333333334,0.15726666666666667,0.5438433333333333,0.031683168316831684,0.9683168316831683,0.05063291139240506,0.42133333333333334,0.03231382412453747
5,ambiguous_heavy,ambiguous_heavy,scalar,0.8017333333333333,0.23313333333333336,0.5458633333333334,0.04395604395604396,0.9560439560439561,0.13055954088952654,0.4646666666666667,0.07802553693904304
5,ambiguous_heavy,ambiguous_heavy,crs,0.8546666666666667,0.13866666666666663,0.5324666666666666,0.03296703296703297,0.967032967032967,0.040268456375838924,0.3973333333333333,0.020394361697276056
6,standard,standard,scalar,0.7568,0.3229333333333333,0.5615600000000001,0.02654867256637168,0.9734513274336283,0.19230769230769232,0.5373333333333333,0.15146664368022045
6,standard,standard,crs,0.8336666666666667,0.20859999999999998,0.5523866666666667,0.01991150442477876,0.9800884955752213,0.11608391608391608,0.4766666666666667,0.05530785652611835
6,standard,high_insuff,scalar,0.884,-0.05899999999999999,0.4596500000000001,0.028353326063249727,0.9716466739367503,0.16083916083916083,0.286,0.11610203056525839
6,standard,high_insuff,crs,0.9185333333333334,-0.11459999999999998,0.45362333333333343,0.021810250817884406,0.9781897491821155,0.08923884514435695,0.254,0.04058617789854746
6,standard,high_suff,scalar,0.71,0.5353333333333333,0.6314,0.022364217252396165,0.9776357827476039,0.193359375,0.6826666666666666,0.1683709370297924
6,standard,high_suff,crs,0.7930666666666666,0.41,0.6206866666666666,0.01597444089456869,0.9840255591054313,0.13020277481323372,0.6246666666666667,0.06257052460369152
6,standard,balanced,scalar,0.7908000000000001,0.25126666666666664,0.54801,0.028397565922920892,0.9716024340770791,0.17349726775956284,0.488,0.12990130264162042
6,standard,balanced,crs,0.8550666666666666,0.1528,0.5390466666666667,0.02231237322515213,0.9776876267748479,0.10015408320493066,0.43266666666666664,0.05412925640417657
6,standard,ambiguous_heavy,scalar,0.8,0.218,0.5381,0.022364217252396165,0.9776357827476039,0.14473684210526316,0.456,0.08754691292752792
6,standard,ambiguous_heavy,crs,0.8601333333333335,0.1216,0.5277933333333333,0.01597444089456869,0.9840255591054313,0.06756756756756757,0.39466666666666667,0.028353806868733556
6,high_insuff,high_insuff,scalar,0.8744,-0.004533333333333323,0.4788800000000001,0.051685393258426963,0.9483146067415731,0.15289256198347106,0.32266666666666666,0.10009550515587813
6,high_insuff,high_insuff,crs,0.8629333333333334,0.0062000000000000085,0.47740333333333335,0.05955056179775281,0.9404494382022472,0.16565656565656567,0.33,0.12981973316765094
6,high_suff,high_suff,scalar,0.7033333333333334,0.5616666666666666,0.6395833333333333,0.05172413793103448,0.9482758620689655,0.19523809523809524,0.7,0.17245057826194402
6,high_suff,high_suff,crs,0.7914666666666665,0.3906,0.6110766666666667,0.03793103448275862,0.9620689655172414,0.04844290657439446,0.578,0.031893274437022646
6,balanced,balanced,scalar,0.7849333333333334,0.2628666666666667,0.5500033333333334,0.050200803212851405,0.9497991967871486,0.1760752688172043,0.496,0.13466271958833131
6,balanced,balanced,crs,0.8523999999999999,0.15413333333333332,0.53818,0.03614457831325301,0.963855421686747,0.04777070063694268,0.4186666666666667,0.03379452603464567
6,ambiguous_heavy,ambiguous_heavy,scalar,0.7912000000000001,0.25106666666666666,0.5481400000000001,0.06206896551724138,0.9379310344827586,0.1394700139470014,0.478,0.08440943403127757
6,ambiguous_heavy,ambiguous_heavy,crs,0.8496,0.15186666666666668,0.5356200000000001,0.04827586206896552,0.9517241379310345,0.03764320785597381,0.4073333333333333,0.02115130554764795
7,standard,standard,scalar,0.7945333333333334,0.31173333333333336,0.5772733333333334,0.03619909502262444,0.9638009049773756,0.15510718789407313,0.5286666666666666,0.12367665976163464
7,standard,standard,crs,0.85,0.207,0.5606500000000001,0.029411764705882353,0.9705882352941176,0.039647577092511016,0.454,0.025156803595408728
7,standard,high_insuff,scalar,0.88,-0.029333333333333333,0.47080000000000005,0.03296703296703297,0.967032967032967,0.1565217391304348,0.30666666666666664,0.12100483174877513
7,standard,high_insuff,crs,0.9173333333333333,-0.09133333333333334,0.4634333333333334,0.026373626373626374,0.9736263736263736,0.03807106598984772,0.26266666666666666,0.03478469390126189
7,standard,high_suff,scalar,0.7242666666666667,0.5415333333333333,0.6420366666666667,0.04391891891891892,0.956081081081081,0.17881438289601556,0.686,0.15409896658924288
7,standard,high_suff,crs,0.8005333333333334,0.39673333333333327,0.6188233333333334,0.037162162162162164,0.9628378378378378,0.05034324942791762,0.5826666666666667,0.03530329931280889
7,standard,balanced,scalar,0.8111999999999999,0.24573333333333336,0.5567400000000001,0.03434343434343434,0.9656565656565657,0.15013774104683195,0.484,0.11663118845543094
7,standard,balanced,crs,0.8641333333333332,0.15126666666666666,0.5433433333333334,0.028282828282828285,0.9717171717171718,0.0368,0.4166666666666667,0.0218521939272476
7,standard,ambiguous_heavy,scalar,0.8022666666666667,0.22886666666666663,0.5442366666666667,0.04391891891891892,0.956081081081081,0.13544668587896252,0.46266666666666667,0.09129246879782796
7,standard,ambiguous_heavy,crs,0.8554666666666667,0.14193333333333333,0.5343766666666666,0.037162162162162164,0.9628378378378378,0.036605657237936774,0.40066666666666667,0.023920915537204865
7,high_insuff,high_insuff,scalar,0.8603999999999999,-0.042533333333333326,0.4540800000000001,0.0297029702970297,0.9702970297029703,0.19282511210762332,0.29733333333333334,0.13413876907185812
7,high_insuff,high_insuff,crs,0.8457333333333332,-0.027866666666666665,0.45261333333333337,0.0407040704070407,0.9592959295929593,0.20607375271149675,0.30733333333333335,0.16158589382574912
7,high_suff,high_suff,scalar,0.7058666666666668,0.5334,0.6282566666666667,0.016025641025641024,0.9839743589743589,0.19863013698630136,0.6813333333333333,0.18018489504901802
7,high_suff,high_suff,crs,0.8001333333333334,0.3875333333333333,0.6144633333333333,0.016025641025641024,0.9839743589743589,0.11513157894736842,0.608,0.05168027854007203
7,balanced,balanced,scalar,0.7892000000000001,0.2174,0.53189,0.024242424242424242,0.9757575757575757,0.1781609195402299,0.464,0.14310491980028364
7,balanced,balanced,crs,0.8388,0.12026666666666667,0.51546,0.022222222222222223,0.9777777777777777,0.06587837837837837,0.39466666666666667,0.03828018500007686
7,ambiguous_heavy,ambiguous_heavy,scalar,0.7861333333333332,0.19660000000000002,0.5208433333333333,0.022435897435897436,0.9775641025641025,0.15431164901664146,0.44066666666666665,0.10002341385873224
7,ambiguous_heavy,ambiguous_heavy,crs,0.8377333333333332,0.09846666666666666,0.5050633333333333,0.016025641025641024,0.9839743589743589,0.052158273381294966,0.37066666666666664,0.02374144591024838
8,standard,standard,scalar,0.7708,0.3346,0.5745100000000001,0.02558139534883721,0.9744186046511628,0.17747858017135862,0.5446666666666666,0.14270327737628086
8,standard,standard,crs,0.832,0.20466666666666666,0.5497,0.018604651162790697,0.9813953488372092,0.05014749262536873,0.452,0.02560685218914191
8,standard,high_insuff,scalar,0.8689333333333334,-0.017466666666666665,0.47005333333333343,0.028376844494892167,0.9716231555051078,0.17197452229299362,0.314,0.1273756207779561
8,standard,high_insuff,crs,0.9046666666666666,-0.09433333333333334,0.4551166666666667,0.022701475595913734,0.9772985244040863,0.04884318766066838,0.25933333333333336,0.028555190795289072
8,standard,high_suff,scalar,0.71,0.55,0.638,0.027586206896551724,0.9724137931034482,0.1907514450867052,0.692,0.16425740002944123
8,standard,high_suff,crs,0.7917333333333333,0.38380000000000003,0.6081633333333334,0.02413793103448276,0.9758620689655172,0.05,0.5733333333333334,0.026314846949865103
8,standard,balanced,scalar,0.7982666666666667,0.24986666666666668,0.5514866666666667,0.030800821355236138,0.9691991786447639,0.16575342465753426,0.4866666666666667,0.1268360704235927
8,standard,balanced,crs,0.8523999999999999,0.1358,0.52993,0.024640657084188913,0.9753593429158111,0.044407894736842105,0.4053333333333333,0.025494018515379527
8,standard,ambiguous_heavy,scalar,0.7929333333333334,0.22053333333333333,0.5353533333333333,0.027586206896551724,0.9724137931034482,0.14890510948905109,0.45666666666666667,0.09764954760664699
8,standard,ambiguous_heavy,crs,0.8454666666666667,0.1066,0.5129766666666666,0.02413793103448276,0.9758620689655172,0.04085257548845471,0.37533333333333335,0.02083993344162269
8,high_insuff,high_insuff,scalar,0.8857333333333334,-0.0642,0.45826333333333347,0.03489640130861505,0.965103598691385,0.1536643026004728,0.282,0.11270700765194622
8,high_insuff,high_insuff,crs,0.8764,-0.04853333333333333,0.4601800000000001,0.04689203925845147,0.9531079607415486,0.16400911161731208,0.2926666666666667,0.13133078482571292
8,high_suff,high_suff,scalar,0.7110666666666666,0.5744666666666667,0.6495966666666666,0.024475524475524476,0.9755244755244755,0.18890977443609022,0.7093333333333334,0.16577544942857447
8,high_suff,high_suff,crs,0.7982666666666667,0.3952,0.6168866666666667,0.02097902097902098,0.9790209790209791,0.04472477064220184,0.5813333333333334,0.024683878365467517
8,balanced,balanced,scalar,0.7985333333333333,0.2434,0.5487233333333333,0.0288659793814433,0.9711340206185567,0.16597510373443983,0.482,0.12768216871889437
8,balanced,balanced,crs,0.8566666666666667,0.14333333333333334,0.5356666666666666,0.02268041237113402,0.977319587628866,0.05032467532467533,0.4106666666666667,0.03504017707078806
8,ambiguous_heavy,ambiguous_heavy,scalar,0.8082666666666667,0.2105333333333333,0.5392866666666667,0.027972027972027972,0.972027972027972,0.12462908011869436,0.4493333333333333,0.07637918748893074
8,ambiguous_heavy,ambiguous_heavy,crs,0.8546666666666667,0.12733333333333333,0.5273666666666667,0.02097902097902098,0.9790209790209791,0.039316239316239315,0.39,0.029120810054750732
9,standard,standard,scalar,0.7776000000000001,0.3208666666666667,0.57207,0.035955056179775284,0.9640449438202248,0.17310087173100872,0.5353333333333333,0.13950371320574895
9,standard,standard,crs,0.8358666666666668,0.20106666666666667,0.5502066666666667,0.024719101123595506,0.9752808988764045,0.054814814814814816,0.45,0.02805537394576362
9,standard,high_insuff,scalar,0.8602666666666667,-0.03546666666666666,0.4571866666666668,0.031042128603104215,0.9689578713968958,0.19205298013245034,0.302,0.16105019121652545
9,standard,high_insuff,crs,0.8953333333333333,-0.105,0.4451833333333334,0.02328159645232816,0.9767184035476718,0.07387862796833773,0.25266666666666665,0.048683972001069
9,standard,high_suff,scalar,0.7236,0.5575333333333333,0.6488700000000001,0.03103448275862069,0.9689655172413794,0.1806883365200765,0.6973333333333334,0.15564841336363763
9,standard,high_suff,crs,0.8052000000000001,0.4013999999999999,0.62349,0.017241379310344827,0.9827586206896551,0.04550625711035267,0.586,0.027422222216062338
9,standard,balanced,scalar,0.7932,0.2544,0.55074,0.036585365853658534,0.9634146341463414,0.17006802721088435,0.49,0.13322715560230988
9,standard,balanced,crs,0.8481333333333334,0.14859999999999998,0.5333433333333333,0.026422764227642278,0.9735772357723578,0.05627009646302251,0.4146666666666667,0.02969037889190411
9,standard,ambiguous_heavy,scalar,0.7812000000000001,0.2280666666666667,0.5322899999999999,0.03103448275862069,0.9689655172413794,0.16017316017316016,0.462,0.10859433300152466
9,standard,ambiguous_heavy,crs,0.8374666666666666,0.12326666666666665,0.5160766666666666,0.017241379310344827,0.9827586206896551,0.055077452667814115,0.3873333333333333,0.028180903319438587
9,high_insuff,high_insuff,scalar,0.8876000000000001,-0.04313333333333333,0.4687700000000001,0.036830357142857144,0.9631696428571429,0.14414414414414414,0.296,0.0953872970498208
9,high_insuff,high_insuff,crs,0.8714666666666667,-0.024399999999999995,0.4683266666666667,0.05357142857142857,0.9464285714285714,0.16414686825053995,0.30866666666666664,0.12665582328547834
9,high_suff,high_suff,scalar,0.7107999999999999,0.5402666666666667,0.6340600000000001,0.03205128205128205,0.967948717948718,0.19436345966958213,0.686,0.17170869579749343
9,high_suff,high_suff,crs,0.8007333333333333,0.3812,0.6119433333333333,0.019230769230769232,0.9807692307692307,0.08163265306122448,0.588,0.028725803151489863
9,balanced,balanced,scalar,0.7930666666666666,0.2511333333333333,0.5491966666666667,0.0437375745526839,0.9562624254473161,0.16939890710382513,0.488,0.12845815376153522
9,balanced,balanced,crs,0.8517333333333332,0.1491333333333333,0.5355633333333334,0.03578528827037773,0.9642147117296223,0.05778491171749599,0.41533333333333333,0.03162072915034875
9,ambiguous_heavy,ambiguous_heavy,scalar,0.8166666666666667,0.20533333333333334,0.5415666666666666,0.038461538461538464,0.9615384615384616,0.12238805970149254,0.44666666666666666,0.07130963146122571
9,ambiguous_heavy,ambiguous_heavy,crs,0.8601333333333332,0.11926666666666665,0.5267433333333333,0.028846153846153848,0.9711538461538461,0.04498269896193772,0.38533333333333336,0.029604226288678297
10,standard,standard,scalar,0.7888000000000002,0.30193333333333333,0.5697100000000002,0.033542976939203356,0.9664570230607966,0.16560509554140126,0.5233333333333333,0.12692988985392534
10,standard,standard,crs,0.8512000000000001,0.1794,0.54889,0.025157232704402517,0.9748427672955975,0.04281345565749235,0.436,0.028302281010549254
10,standard,high_insuff,scalar,0.8822666666666668,-0.04046666666666666,0.4670366666666667,0.035637149028077755,0.9643628509719222,0.15812917594654788,0.29933333333333334,0.10879934665141786
10,standard,high_insuff,crs,0.9168000000000001,-0.11373333333333331,0.4530600000000001,0.028077753779697623,0.9719222462203023,0.03773584905660377,0.24733333333333332,0.03379594194753385
10,standard,high_suff,scalar,0.7303999999999999,0.5261333333333333,0.63848,0.03492063492063492,0.9650793650793651,0.17751479289940827,0.676,0.1498988127207118
10,standard,high_suff,crs,0.8121333333333335,0.36726666666666663,0.6119433333333333,0.025396825396825397,0.9746031746031746,0.03909952606635071,0.5626666666666666,0.024723075994213924
10,standard,balanced,scalar,0.8041333333333334,0.2226,0.5424433333333335,0.03364485981308411,0.9663551401869159,0.16477272727272727,0.4693333333333333,0.1198024348856224
10,standard,balanced,crs,0.8590666666666666,0.10279999999999999,0.5187466666666668,0.024299065420560748,0.9757009345794393,0.043402777777777776,0.384,0.035991937185138295
10,standard,ambiguous_heavy,scalar,0.7986666666666666,0.234,0.5445666666666666,0.03492063492063492,0.9650793650793651,0.14265335235378032,0.4673333333333333,0.08116420988587264
10,standard,ambiguous_heavy,crs,0.8588,0.1106,0.52211,0.025396825396825397,0.9746031746031746,0.03163444639718805,0.37933333333333336,0.027924471826735835
10,high_insuff,high_insuff,scalar,0.8761333333333333,-0.051399999999999994,0.45874333333333334,0.027777777777777776,0.9722222222222222,0.1651376146788991,0.2906666666666667,0.12102543476633044
10,high_insuff,high_insuff,crs,0.8702666666666667,-0.04346666666666666,0.45908666666666675,0.035555555555555556,0.9644444444444444,0.17117117117117117,0.296,0.13395481773718837
10,high_suff,high_suff,scalar,0.7298666666666667,0.5873999999999999,0.6657566666666667,0.025547445255474453,0.9744525547445255,0.17363045496750232,0.718,0.1542884640955169
10,high_suff,high_suff,crs,0.8140666666666666,0.4381333333333334,0.6448966666666667,0.021897810218978103,0.9781021897810219,0.102803738317757,0.642,0.050371562891453774
10,balanced,balanced,scalar,0.7914666666666667,0.2912666666666667,0.5663766666666668,0.025806451612903226,0.9741935483870968,0.16429495472186287,0.5153333333333333,0.13153255851760642
10,balanced,balanced,crs,0.8472000000000002,0.17273333333333335,0.54369,0.025806451612903226,0.9741935483870968,0.04179566563467492,0.43066666666666664,0.021617520470462608
10,ambiguous_heavy,ambiguous_heavy,scalar,0.814,0.257,0.56335,0.025547445255474453,0.9744525547445255,0.11894882434301521,0.482,0.07118891623151818
10,ambiguous_heavy,ambiguous_heavy,crs,0.8549333333333334,0.1562,0.5405033333333332,0.025547445255474453,0.9744525547445255,0.03414634146341464,0.41,0.012712467612093865
11,standard,standard,scalar,0.7477333333333332,0.33213333333333334,0.5607133333333334,0.044642857142857144,0.9553571428571429,0.19877300613496932,0.5433333333333333,0.16273866657336683
11,standard,standard,crs,0.8272000000000002,0.20106666666666667,0.54544,0.03125,0.96875,0.05925925925925926,0.45,0.030609972261203412
11,standard,high_insuff,scalar,0.8612000000000001,-0.02526666666666666,0.4622900000000001,0.03583426651735722,0.9641657334826428,0.1857451403887689,0.30866666666666664,0.1372602752228601
11,standard,high_insuff,crs,0.9069333333333334,-0.10146666666666666,0.45315333333333335,0.025755879059350503,0.9742441209406495,0.05759162303664921,0.25466666666666665,0.02352144336210981
11,standard,high_suff,scalar,0.6986666666666667,0.5486666666666666,0.6311666666666667,0.046357615894039736,0.9536423841059603,0.19864995178399228,0.6913333333333334,0.17399886050295182
11,standard,high_suff,crs,0.7878666666666666,0.3990666666666667,0.6129066666666667,0.033112582781456956,0.9668874172185431,0.06385404789053592,0.5846666666666667,0.03592746609108502
11,standard,balanced,scalar,0.7733333333333333,0.238,0.5324333333333333,0.04554455445544554,0.9544554455445544,0.1935933147632312,0.4786666666666667,0.15042282510730753
11,standard,balanced,crs,0.8423999999999999,0.1208,0.51768,0.0297029702970297,0.9702970297029703,0.06408094435075885,0.3953333333333333,0.02981996588415061
11,standard,ambiguous_heavy,scalar,0.7687999999999999,0.23693333333333333,0.5294599999999999,0.046357615894039736,0.9536423841059603,0.17354196301564723,0.4686666666666667,0.115171699268967
11,standard,ambiguous_heavy,crs,0.8442666666666667,0.12186666666666668,0.5191866666666667,0.033112582781456956,0.9668874172185431,0.05344827586206897,0.38666666666666666,0.015864010725681
11,high_insuff,high_insuff,scalar,0.8685333333333333,-0.006599999999999994,0.47472333333333333,0.04362801377726751,0.9563719862227325,0.16216216216216217,0.32066666666666666,0.10345323470813926
11,high_insuff,high_insuff,crs,0.8684,-0.000533333333333329,0.4773800000000001,0.05166475315729047,0.9483352468427095,0.15605749486652978,0.32466666666666666,0.11981646295944874
11,high_suff,high_suff,scalar,0.6970666666666666,0.5624666666666667,0.6364966666666667,0.039603960396039604,0.9603960396039604,0.2005703422053232,0.7013333333333334,0.1756741510049493
11,high_suff,high_suff,crs,0.7918666666666666,0.3810666666666666,0.6070066666666667,0.0231023102310231,0.976897689768977,0.04312354312354312,0.572,0.024699874933989285
11,balanced,balanced,scalar,0.7921333333333334,0.2499333333333333,0.5481433333333333,0.041501976284584984,0.958498023715415,0.17236662106703146,0.48733333333333334,0.13133833850088844
11,balanced,balanced,crs,0.8537333333333335,0.13546666666666665,0.5305133333333333,0.023715415019762844,0.9762845849802372,0.04433497536945813,0.406,0.02600801400059685
11,ambiguous_heavy,ambiguous_heavy,scalar,0.8025333333333333,0.24073333333333335,0.5497233333333333,0.052805280528052806,0.9471947194719472,0.13012729844413012,0.4713333333333333,0.0799144290153563
11,ambiguous_heavy,ambiguous_heavy,crs,0.8543999999999999,0.1498,0.53733,0.033003300330033,0.966996699669967,0.03934426229508197,0.4066666666666667,0.018932809142519356
12,standard,standard,scalar,0.7916000000000001,0.29319999999999996,0.56732,0.043121149897330596,0.9568788501026694,0.16494845360824742,0.5173333333333333,0.12855153680401935
12,standard,standard,crs,0.8604,0.16113333333333332,0.54573,0.028747433264887063,0.971252566735113,0.01889763779527559,0.42333333333333334,0.012458976957531315
12,standard,high_insuff,scalar,0.8865333333333335,-0.039599999999999996,0.4697733333333334,0.0430939226519337,0.9569060773480663,0.14508928571428573,0.2986666666666667,0.10428656490467013
12,standard,high_insuff,crs,0.9245333333333333,-0.10926666666666666,0.4593233333333334,0.03314917127071823,0.9668508287292817,0.0213903743315508,0.24933333333333332,0.03197170874416337
12,standard,high_suff,scalar,0.7445333333333335,0.5207333333333333,0.6438233333333334,0.03215434083601286,0.9678456591639871,0.16865079365079366,0.672,0.1453589855253422
12,standard,high_suff,crs,0.8198666666666667,0.3627333333333333,0.6141566666666666,0.01929260450160772,0.9807073954983923,0.026221692491060787,0.5593333333333333,0.011533649698909892
12,standard,balanced,scalar,0.8117333333333334,0.2218,0.5462633333333333,0.04206500956022945,0.9579349904397706,0.15527065527065528,0.468,0.11590841002895153
12,standard,balanced,crs,0.8741333333333332,0.1046,0.5278433333333333,0.02676864244741874,0.9732313575525813,0.01386481802426343,0.38466666666666666,0.016228839271806274
12,standard,ambiguous_heavy,scalar,0.8092000000000001,0.1894,0.53029,0.03215434083601286,0.9678456591639871,0.1332312404287902,0.43533333333333335,0.08225606387195204
12,standard,ambiguous_heavy,crs,0.8674666666666665,0.08926666666666669,0.5172766666666666,0.01929260450160772,0.9807073954983923,0.020146520146520148,0.364,0.02485892059601809
12,high_insuff,high_insuff,scalar,0.8865333333333335,-0.06326666666666667,0.4591233333333334,0.021436227224008574,0.9785637727759914,0.1572769953051643,0.284,0.10270448832485132
12,high_insuff,high_insuff,crs,0.8838666666666667,-0.05893333333333334,0.4596066666666667,0.031082529474812434,0.9689174705251876,0.15348837209302327,0.2866666666666667,0.11315495259609071
12,high_suff,high_suff,scalar,0.7081333333333334,0.5166,0.6219433333333334,0.0243161094224924,0.9756838905775076,0.2,0.67,0.17546129818114695
12,high_suff,high_suff,crs,0.8015999999999999,0.3325333333333333,0.5905199999999999,0.015197568389057751,0.9848024316109423,0.04207920792079208,0.5386666666666666,0.022142852457344715
12,balanced,balanced,scalar,0.7866666666666666,0.22466666666666665,0.5337666666666667,0.02095238095238095,0.979047619047619,0.18555240793201133,0.4706666666666667,0.14032199389584482
12,balanced,balanced,crs,0.8561333333333334,0.09826666666666667,0.5150933333333333,0.009523809523809525,0.9904761904761905,0.040280210157618214,0.38066666666666665,0.028548391902542616
12,ambiguous_heavy,ambiguous_heavy,scalar,0.8014666666666665,0.19760000000000003,0.5297266666666666,0.03343465045592705,0.9665653495440729,0.14027149321266968,0.442,0.08383863761379035
12,ambiguous_heavy,ambiguous_heavy,crs,0.8596,0.08720000000000001,0.51202,0.02127659574468085,0.9787234042553191,0.03302752293577982,0.36333333333333334,0.020587512136129516
13,standard,standard,scalar,0.7945333333333334,0.3300666666666667,0.5855233333333334,0.03146067415730337,0.9685393258426966,0.15498154981549817,0.542,0.12190302155518112
13,standard,standard,crs,0.851,0.23413333333333336,0.57341,0.020224719101123594,0.9797752808988764,0.09153005464480875,0.488,0.03843018514427538
13,standard,high_insuff,scalar,0.8937333333333333,-0.027533333333333326,0.47916333333333333,0.02957906712172924,0.9704209328782708,0.13043478260869565,0.30666666666666664,0.09307752006729841
13,standard,high_insuff,crs,0.9258666666666666,-0.08446666666666666,0.4712166666666667,0.020477815699658702,0.9795221843003413,0.06845965770171149,0.27266666666666667,0.0307747734920713
13,standard,high_suff,scalar,0.7342666666666667,0.5478666666666666,0.6503866666666667,0.01718213058419244,0.9828178694158075,0.17084942084942084,0.6906666666666667,0.1461593962455526
13,standard,high_suff,crs,0.8098000000000001,0.43166666666666664,0.63964,0.006872852233676976,0.993127147766323,0.10392364793213149,0.6286666666666667,0.041615969825810575
13,standard,balanced,scalar,0.8165333333333333,0.2484,0.5608733333333333,0.02834008097165992,0.97165991902834,0.14540466392318244,0.486,0.11196024588771013
13,standard,balanced,crs,0.8654666666666665,0.16433333333333333,0.5499566666666666,0.018218623481781375,0.9817813765182186,0.08536585365853659,0.43733333333333335,0.034544210979397125
13,standard,ambiguous_heavy,scalar,0.8134666666666667,0.2296,0.5507266666666667,0.01718213058419244,0.9828178694158075,0.1251798561151079,0.4633333333333333,0.07103576187235319
13,standard,ambiguous_heavy,crs,0.8677333333333332,0.1366,0.5387233333333333,0.006872852233676976,0.993127147766323,0.05619834710743802,0.4033333333333333,0.02039152105562906
13,high_insuff,high_insuff,scalar,0.8833333333333333,-0.049,0.46378333333333344,0.034519956850053934,0.9654800431499461,0.15454545454545454,0.29333333333333333,0.09746443565942575
13,high_insuff,high_insuff,crs,0.8696,-0.028466666666666664,0.4654700000000001,0.04962243797195254,0.9503775620280475,0.17136659436008678,0.30733333333333335,0.12689218365832017
13,high_suff,high_suff,scalar,0.7362666666666667,0.5438666666666666,0.6496866666666667,0.030100334448160536,0.9698996655518395,0.1744186046511628,0.688,0.15099892395319012
13,high_suff,high_suff,crs,0.8148000000000001,0.3856,0.62166,0.0033444816053511705,0.9966555183946488,0.0440324449594438,0.5753333333333334,0.028271818142929582
13,balanced,balanced,scalar,0.8192000000000002,0.2280666666666667,0.5531900000000001,0.03346456692913386,0.9665354330708661,0.14689265536723164,0.472,0.11041220158078904
13,balanced,balanced,crs,0.8613333333333333,0.136,0.5349333333333334,0.015748031496062992,0.984251968503937,0.04918032786885246,0.4066666666666667,0.028848409879000135
13,ambiguous_heavy,ambiguous_heavy,scalar,0.8157333333333333,0.20913333333333334,0.5427633333333334,0.046822742474916385,0.9531772575250836,0.11738484398216939,0.44866666666666666,0.06470767313981546
13,ambiguous_heavy,ambiguous_heavy,crs,0.8572,0.1264,0.52834,0.016722408026755852,0.9832775919732442,0.042735042735042736,0.39,0.027046084281692584
14,standard,standard,scalar,0.7541333333333332,0.34393333333333337,0.5695433333333334,0.026442307692307692,0.9735576923076923,0.18765133171912832,0.5506666666666666,0.1560676082545401
14,standard,standard,crs,0.8174666666666667,0.23359999999999997,0.5547266666666667,0.019230769230769232,0.9807692307692307,0.07062146892655367,0.472,0.042642225461126046
14,standard,high_insuff,scalar,0.8549333333333334,-0.0198,0.46130333333333334,0.023014959723820484,0.9769850402761795,0.19017094017094016,0.312,0.1413682698497995
14,standard,high_insuff,crs,0.8978666666666668,-0.09393333333333331,0.4515566666666667,0.01611047180667434,0.9838895281933256,0.06426735218508997,0.25933333333333336,0.03147814739551008
14,standard,high_suff,scalar,0.7017333333333333,0.5718,0.6432633333333333,0.022304832713754646,0.9776951672862454,0.19056603773584907,0.7066666666666667,0.16794311951636604
14,standard,high_suff,crs,0.7806666666666668,0.42799999999999994,0.6219666666666667,0.01858736059479554,0.9814126394052045,0.06622516556291391,0.604,0.045606507618995054
14,standard,balanced,scalar,0.7747999999999999,0.27026666666666666,0.54776,0.025423728813559324,0.9745762711864406,0.18375499334221038,0.5006666666666667,0.15036629908588328
14,standard,balanced,crs,0.8336,0.17020000000000002,0.53507,0.019067796610169493,0.9809322033898306,0.06832298136645963,0.42933333333333334,0.03955752334512562
14,standard,ambiguous_heavy,scalar,0.7824,0.24513333333333337,0.5406299999999999,0.022304832713754646,0.9776951672862454,0.15352112676056337,0.47333333333333333,0.09891499485004404
14,standard,ambiguous_heavy,crs,0.8423999999999999,0.14613333333333334,0.52908,0.01858736059479554,0.9814126394052045,0.048013245033112585,0.4026666666666667,0.01904213036202502
14,high_insuff,high_insuff,scalar,0.8874666666666667,-0.016066666666666663,0.4808766666666668,0.0352035203520352,0.9647964796479648,0.14135021097046413,0.316,0.07814216612515218
14,high_insuff,high_insuff,crs,0.8757333333333333,0.0028000000000000065,0.4829133333333334,0.0539053905390539,0.9460946094609461,0.15212981744421908,0.32866666666666666,0.10859831148203464
14,high_suff,high_suff,scalar,0.7392000000000001,0.5090666666666666,0.6356400000000001,0.04,0.96,0.17835671342685372,0.6653333333333333,0.15304313001134973
14,high_suff,high_suff,crs,0.8226666666666667,0.35,0.6099666666666667,0.022857142857142857,0.9771428571428571,0.03260869565217391,0.552,0.01997729891516429
14,balanced,balanced,scalar,0.8263999999999999,0.22446666666666665,0.5555300000000001,0.034545454545454546,0.9654545454545455,0.14285714285714285,0.4713333333333333,0.0980441840471892
14,balanced,balanced,crs,0.8761333333333333,0.12693333333333334,0.5389933333333333,0.02181818181818182,0.9781818181818182,0.03150912106135987,0.402,0.013731112855054337
14,ambiguous_heavy,ambiguous_heavy,scalar,0.8221333333333332,0.20493333333333333,0.5443933333333333,0.045714285714285714,0.9542857142857143,0.11458333333333333,0.448,0.06454909494606832
14,ambiguous_heavy,ambiguous_heavy,crs,0.8696,0.11386666666666667,0.52952,0.022857142857142857,0.9771428571428571,0.02608695652173913,0.38333333333333336,0.01337342997557237
