epistemic_utility,smoothness_utility,aggregate_scalar_reward,unsupported_certainty_rate,calibrated_abstention_rate,selective_risk,coverage,ece,w_s,seed
0.8585555555555556,0.175,0.8585555555555556,0.023346303501945526,0.9766536964980544,0.0325,0.4444444444444444,0.03243451347823169,0.0,0
0.8513333333333334,0.11699999999999999,0.8513333333333334,0.04452054794520548,0.9554794520547946,0.04336043360433604,0.41,0.04291005176910566,0.0,1
0.8694444444444445,0.18266666666666667,0.8694444444444445,0.018315018315018316,0.9816849816849816,0.02926829268292683,0.45555555555555555,0.03622382655297235,0.0,2
0.8470000000000001,0.19677777777777777,0.8470000000000001,0.015209125475285171,0.9847908745247148,0.06220095693779904,0.46444444444444444,0.03661058440940142,0.0,3
0.8363333333333334,0.18388888888888888,0.8363333333333334,0.03861003861003861,0.9613899613899614,0.06845965770171149,0.45444444444444443,0.04379172433915085,0.0,4
0.8472222222222222,0.17555555555555555,0.8472222222222222,0.0037174721189591076,0.9962825278810409,0.056790123456790124,0.45,0.02601012461489218,0.0,5
0.8427777777777777,0.20222222222222222,0.8427777777777777,0.019762845849802372,0.9802371541501976,0.0673076923076923,0.4622222222222222,0.0469007496931947,0.0,6
0.8368888888888889,0.13411111111111113,0.8368888888888889,0.011278195488721804,0.9887218045112782,0.056,0.4166666666666667,0.03666125672797792,0.0,7
0.8702222222222222,0.1806666666666667,0.8702222222222222,0.033962264150943396,0.9660377358490566,0.02531645569620253,0.4388888888888889,0.018556251249431277,0.0,8
0.8271111111111112,-0.07111111111111111,0.8271111111111112,0.0,1.0,0.019801980198019802,0.4488888888888889,0.02094614705738465,0.0,9
0.8706666666666666,0.15244444444444444,0.8706666666666666,0.007246376811594203,0.9927536231884058,0.015706806282722512,0.42444444444444446,0.024700689555215042,0.0,10
0.8544444444444445,0.21166666666666667,0.8544444444444445,0.0,1.0,0.03357314148681055,0.4633333333333333,0.025536920419006837,0.0,11
0.8468888888888889,0.16933333333333334,0.8468888888888889,0.0038022813688212928,0.9961977186311787,0.06234413965087282,0.44555555555555554,0.028635841958795157,0.0,12
0.8554444444444446,0.17877777777777779,0.8554444444444446,0.024822695035460994,0.975177304964539,0.061274509803921566,0.4533333333333333,0.037962042646376745,0.0,13
0.8684444444444446,0.1798888888888889,0.8684444444444446,0.007662835249042145,0.9923371647509579,0.041666666666666664,0.4533333333333333,0.025874822593497833,0.0,14
0.8482222222222222,0.1416666666666667,0.8482222222222222,0.017605633802816902,0.9823943661971831,0.037037037037037035,0.42,0.022572357402887322,0.0,15
0.867,0.17888888888888888,0.867,0.01858736059479554,0.9814126394052045,0.04433497536945813,0.45111111111111113,0.0288446748012401,0.0,16
0.8476666666666668,0.15311111111111111,0.8476666666666668,0.01107011070110701,0.988929889298893,0.03896103896103896,0.42777777777777776,0.03816897268721664,0.0,17
0.8567777777777777,0.1837777777777778,0.8567777777777777,0.03296703296703297,0.967032967032967,0.04914004914004914,0.45222222222222225,0.026653999330955448,0.0,18
0.8558888888888888,0.1686666666666667,0.8558888888888888,0.0072992700729927005,0.9927007299270073,0.06297229219143577,0.4411111111111111,0.04517079509377719,0.0,19
0.8460000000000001,0.21033333333333332,0.7824333333333331,0.04669260700389105,0.953307392996109,0.050239234449760764,0.46444444444444444,0.03009704109419452,0.1,0
0.8501111111111112,0.16322222222222224,0.7814222222222222,0.05821917808219178,0.9417808219178082,0.05063291139240506,0.4388888888888889,0.04306883809881392,0.1,1
0.8684444444444445,0.189,0.8004999999999999,0.02197802197802198,0.978021978021978,0.027160493827160494,0.45,0.015152965729403204,0.1,2
0.844888888888889,0.24055555555555555,0.7844555555555555,0.03802281368821293,0.9619771863117871,0.06666666666666667,0.48333333333333334,0.053544576055286695,0.1,3
0.837888888888889,0.18177777777777773,0.7722777777777777,0.04247104247104247,0.9575289575289575,0.04975124378109453,0.44666666666666666,0.02329074399753852,0.1,4
0.8465555555555556,0.21344444444444444,0.7832444444444444,0.022304832713754646,0.9776951672862454,0.08333333333333333,0.48,0.06806326171556033,0.1,5
0.8406666666666667,0.2088888888888889,0.7774888888888888,0.043478260869565216,0.9565217391304348,0.05084745762711865,0.4588888888888889,0.032401188614348285,0.1,6
0.8405555555555555,0.16055555555555556,0.7725555555555556,0.011278195488721804,0.9887218045112782,0.038860103626943004,0.4288888888888889,0.02139889176658647,0.1,7
0.8696666666666667,0.218,0.8045,0.033962264150943396,0.9660377358490566,0.04028436018957346,0.4688888888888889,0.02759815728867453,0.1,8
0.8653333333333333,0.2063333333333333,0.7994333333333333,0.011029411764705883,0.9889705882352942,0.052256532066508314,0.4677777777777778,0.030102268916573936,0.1,9
0.87,0.16566666666666668,0.7995666666666665,0.010869565217391304,0.9891304347826086,0.035897435897435895,0.43333333333333335,0.017527737696139488,0.1,10
0.855,0.22633333333333333,0.7921333333333335,0.03065134099616858,0.9693486590038314,0.037383177570093455,0.47555555555555556,0.027148030806594597,0.1,11
0.8418888888888889,0.19666666666666666,0.7773666666666665,0.0038022813688212928,0.9961977186311787,0.1011764705882353,0.4722222222222222,0.07011972369945715,0.1,12
0.8526666666666668,0.17322222222222225,0.7847222222222222,0.024822695035460994,0.975177304964539,0.0379746835443038,0.4388888888888889,0.01599436819903842,0.1,13
0.87,0.22322222222222224,0.805322222222222,0.038314176245210725,0.9616858237547893,0.04439252336448598,0.47555555555555556,0.029708913423775005,0.1,14
0.8477777777777777,0.14455555555555555,0.7774555555555555,0.02464788732394366,0.9753521126760564,0.03439153439153439,0.42,0.016118284850645894,0.1,15
0.8667777777777778,0.19855555555555557,0.7999555555555554,0.01486988847583643,0.9851301115241635,0.05238095238095238,0.4666666666666667,0.022947975907829977,0.1,16
0.8483333333333334,0.17433333333333334,0.7809333333333333,0.02214022140221402,0.977859778597786,0.059850374064837904,0.44555555555555554,0.03570848133375576,0.1,17
0.8607777777777779,0.20444444444444446,0.7951444444444443,0.03296703296703297,0.967032967032967,0.04739336492890995,0.4688888888888889,0.04683756117310646,0.1,18
0.8535555555555556,0.1848888888888889,0.7866888888888889,0.021897810218978103,0.9781021897810219,0.06419753086419754,0.45,0.05174679691070011,0.1,19
0.8361111111111111,0.2552222222222223,0.7199333333333334,0.04669260700389105,0.953307392996109,0.1574468085106383,0.5222222222222223,0.15190525275932593,0.2,0
0.8323333333333334,0.23122222222222222,0.7121111111111111,0.07191780821917808,0.928082191780822,0.17105263157894737,0.5066666666666667,0.1538013453914587,0.2,1
0.8544444444444445,0.26266666666666666,0.7360888888888889,0.040293040293040296,0.9597069597069597,0.1407563025210084,0.5288888888888889,0.1293503645548555,0.2,2
0.8356666666666667,0.2867777777777778,0.7258888888888888,0.03802281368821293,0.9619771863117871,0.15082644628099173,0.5377777777777778,0.13570421434772373,0.2,3
0.8346666666666667,0.1997777777777778,0.7076888888888889,0.05019305019305019,0.9498069498069498,0.07021791767554479,0.4588888888888889,0.05873841255596501,0.2,4
0.8345555555555556,0.2532222222222222,0.718288888888889,0.022304832713754646,0.9776951672862454,0.15845824411134904,0.5188888888888888,0.14081558557203583,0.2,5
0.84,0.22777777777777777,0.7175555555555556,0.043478260869565216,0.9565217391304348,0.08333333333333333,0.48,0.05638388095315727,0.2,6
0.8337777777777778,0.20244444444444443,0.7075111111111111,0.022556390977443608,0.9774436090225563,0.1016548463356974,0.47,0.07991718218433017,0.2,7
0.8571111111111112,0.2508888888888889,0.7358666666666667,0.033962264150943396,0.9660377358490566,0.13071895424836602,0.51,0.12107810564246084,0.2,8
0.854888888888889,0.2602222222222222,0.7359555555555556,0.014705882352941176,0.9852941176470589,0.14345991561181434,0.5266666666666666,0.14285181972082725,0.2,9
0.8558888888888888,0.24100000000000002,0.7329111111111113,0.025362318840579712,0.9746376811594203,0.1391304347826087,0.5111111111111111,0.13657343218937196,0.2,10
0.8408888888888888,0.285,0.7297111111111111,0.03065134099616858,0.9693486590038314,0.15478615071283094,0.5455555555555556,0.1453313597492496,0.2,11
0.8312222222222221,0.2415555555555556,0.713288888888889,0.011406844106463879,0.9885931558935361,0.17025862068965517,0.5155555555555555,0.1656175695304758,0.2,12
0.8422222222222222,0.24733333333333335,0.7232444444444444,0.03546099290780142,0.9645390070921985,0.15991471215351813,0.5211111111111111,0.1481981516279377,0.2,13
0.8617777777777778,0.25922222222222224,0.7412666666666667,0.04597701149425287,0.9540229885057471,0.1257995735607676,0.5211111111111111,0.11836712191595278,0.2,14
0.8272222222222222,0.22677777777777777,0.7071333333333334,0.02464788732394366,0.9753521126760564,0.14831460674157304,0.49444444444444446,0.12940321601217383,0.2,15
0.8597777777777778,0.23,0.7338222222222223,0.026022304832713755,0.9739776951672863,0.08009153318077804,0.4855555555555556,0.06152163019225153,0.2,16
0.8335555555555556,0.23066666666666666,0.7129777777777778,0.025830258302583026,0.974169741697417,0.16993464052287582,0.51,0.15892945384241888,0.2,17
0.8463333333333334,0.2823333333333333,0.7335333333333334,0.05128205128205128,0.9487179487179487,0.14959016393442623,0.5422222222222223,0.14123094066958644,0.2,18
0.8380000000000001,0.23022222222222224,0.7164444444444444,0.021897810218978103,0.9781021897810219,0.16114790286975716,0.5033333333333333,0.15524630248350768,0.2,19
0.8331111111111111,0.2771111111111111,0.6663111111111111,0.05058365758754864,0.9494163424124513,0.158004158004158,0.5344444444444445,0.15000663483775464,0.3,0
0.8211111111111111,0.25655555555555554,0.6517444444444443,0.07191780821917808,0.928082191780822,0.17834394904458598,0.5233333333333333,0.1603810075162979,0.3,1
0.8459999999999999,0.2932222222222222,0.6801666666666666,0.04395604395604396,0.9560439560439561,0.1437371663244353,0.5411111111111111,0.1320851779924487,0.3,2
0.8352222222222223,0.29066666666666663,0.6718555555555557,0.04182509505703422,0.9581749049429658,0.15020576131687244,0.54,0.14127783912703315,0.3,3
0.8165555555555557,0.25755555555555554,0.6488555555555556,0.05791505791505792,0.9420849420849421,0.18354430379746836,0.5266666666666666,0.18230970066175506,0.3,4
0.8325555555555555,0.2671111111111111,0.6629222222222221,0.03345724907063197,0.966542750929368,0.16352201257861634,0.53,0.1562428961325811,0.3,5
0.828111111111111,0.26866666666666666,0.6602777777777777,0.05138339920948617,0.9486166007905138,0.16561844863731656,0.53,0.15863674608687656,0.3,6
0.8256666666666667,0.23844444444444446,0.6495,0.022556390977443608,0.9774436090225563,0.1774891774891775,0.5133333333333333,0.16686535307114253,0.3,7
0.8567777777777777,0.2588888888888889,0.6774111111111111,0.033962264150943396,0.9660377358490566,0.12987012987012986,0.5133333333333333,0.12461016665082297,0.3,8
0.8465555555555555,0.27755555555555556,0.6758555555555555,0.022058823529411766,0.9779411764705882,0.14937759336099585,0.5355555555555556,0.1417641735990506,0.3,9
0.8482222222222223,0.2511111111111111,0.6690888888888888,0.028985507246376812,0.9710144927536232,0.1459227467811159,0.5177777777777778,0.1419666879794,0.3,10
0.8385555555555556,0.302,0.6775888888888888,0.034482758620689655,0.9655172413793104,0.14859437751004015,0.5533333333333333,0.13042226568114676,0.3,11
0.8313333333333334,0.24222222222222223,0.6545999999999998,0.011406844106463879,0.9885931558935361,0.17025862068965517,0.5155555555555555,0.16774607681349943,0.3,12
0.8442222222222222,0.24888888888888888,0.6656222222222221,0.0425531914893617,0.9574468085106383,0.15778251599147122,0.5211111111111111,0.15119364848035882,0.3,13
0.8614444444444443,0.2721111111111111,0.6846444444444444,0.04597701149425287,0.9540229885057471,0.12605042016806722,0.5288888888888889,0.11761683217772506,0.3,14
0.8221111111111111,0.2446666666666667,0.6488777777777778,0.028169014084507043,0.971830985915493,0.17965367965367965,0.5133333333333333,0.17196719427983165,0.3,15
0.8467777777777779,0.2634444444444445,0.6717777777777777,0.02973977695167286,0.9702602230483272,0.1425531914893617,0.5222222222222223,0.13254587663436365,0.3,16
0.8277777777777777,0.256,0.6562444444444443,0.033210332103321034,0.966789667896679,0.17124735729386892,0.5255555555555556,0.1644677359271536,0.3,17
0.8430000000000001,0.29055555555555557,0.6772666666666666,0.05128205128205128,0.9487179487179487,0.1492842535787321,0.5433333333333333,0.13822351425184604,0.3,18
0.8383333333333334,0.24099999999999996,0.6591333333333333,0.040145985401459854,0.9598540145985401,0.1575492341356674,0.5077777777777778,0.14727129643014883,0.3,19
0.831777777777778,0.278,0.6102666666666668,0.05058365758754864,0.9494163424124513,0.15975103734439833,0.5355555555555556,0.15284300074967255,0.4,0
0.8187777777777778,0.2607777777777778,0.5955777777777779,0.07191780821917808,0.928082191780822,0.18008474576271186,0.5244444444444445,0.1636384322810642,0.4,1
0.8316666666666667,0.311,0.6234000000000001,0.05128205128205128,0.9487179487179487,0.1529175050301811,0.5522222222222222,0.14368054371757558,0.4,2
0.8287777777777778,0.29733333333333334,0.6162000000000001,0.04182509505703422,0.9581749049429658,0.1565040650406504,0.5466666666666666,0.1471216344671286,0.4,3
0.8113333333333334,0.26533333333333337,0.5929333333333333,0.05019305019305019,0.9498069498069498,0.18354430379746836,0.5266666666666666,0.17229955731621216,0.4,4
0.8248888888888889,0.2808888888888889,0.607288888888889,0.03345724907063197,0.966542750929368,0.16907216494845362,0.5388888888888889,0.15851723689708103,0.4,5
0.8031111111111112,0.29833333333333334,0.6012000000000001,0.05533596837944664,0.9446640316205533,0.18255578093306288,0.5477777777777778,0.1681588325329614,0.4,6
0.8205555555555556,0.24633333333333332,0.5908666666666667,0.02631578947368421,0.9736842105263158,0.1788793103448276,0.5155555555555555,0.16749585107466322,0.4,7
0.8470000000000001,0.2803333333333333,0.6203333333333334,0.03773584905660377,0.9622641509433962,0.13836477987421383,0.53,0.13148633146248537,0.4,8
0.8472222222222222,0.27688888888888885,0.6190888888888889,0.022058823529411766,0.9779411764705882,0.14937759336099585,0.5355555555555556,0.14122926755524073,0.4,9
0.844,0.26255555555555554,0.6114222222222222,0.03985507246376811,0.9601449275362319,0.14861995753715498,0.5233333333333333,0.14248649906745126,0.4,10
0.8335555555555555,0.3164444444444444,0.6267111111111111,0.0421455938697318,0.9578544061302682,0.15748031496062992,0.5644444444444444,0.14897359261160378,0.4,11
0.8297777777777777,0.25555555555555554,0.6000888888888889,0.019011406844106463,0.9809885931558935,0.16844349680170576,0.5211111111111111,0.15941199321179478,0.4,12
0.8310000000000001,0.26744444444444443,0.6055777777777778,0.04609929078014184,0.9539007092198581,0.16561844863731656,0.53,0.15252960653974731,0.4,13
0.8518888888888889,0.2916666666666667,0.6278000000000001,0.05363984674329502,0.946360153256705,0.13319672131147542,0.5422222222222223,0.12833898643808858,0.4,14
0.8134444444444446,0.25655555555555554,0.590688888888889,0.03873239436619718,0.9612676056338029,0.18550106609808104,0.5211111111111111,0.17809325862968234,0.4,15
0.8376666666666667,0.29488888888888887,0.6205555555555555,0.03345724907063197,0.966542750929368,0.1463917525773196,0.5388888888888889,0.13461275500904693,0.4,16
0.8241111111111111,0.25833333333333336,0.5978000000000001,0.03690036900369004,0.9630996309963099,0.17197452229299362,0.5233333333333333,0.16188389567304118,0.4,17
0.8396666666666667,0.3055555555555556,0.6260222222222223,0.054945054945054944,0.945054945054945,0.14919354838709678,0.5511111111111111,0.136074182551233,0.4,18
0.8128888888888889,0.27055555555555555,0.5959555555555557,0.06204379562043796,0.9379562043795621,0.17547568710359407,0.5255555555555556,0.16249648764485222,0.4,19
0.8203333333333334,0.29555555555555557,0.5841833333333333,0.058365758754863814,0.9416342412451362,0.16393442622950818,0.5422222222222223,0.1556666953745202,0.45,0
0.8147777777777778,0.2647777777777778,0.5672777777777778,0.07191780821917808,0.928082191780822,0.18008474576271186,0.5244444444444445,0.17126869466784583,0.45,1
0.8213333333333334,0.32266666666666666,0.5969333333333333,0.054945054945054944,0.945054945054945,0.16370808678500987,0.5633333333333334,0.14782639792240448,0.45,2
0.82,0.3097777777777779,0.5904000000000001,0.04182509505703422,0.9581749049429658,0.15789473684210525,0.5488888888888889,0.1465816376945322,0.45,3
0.7926666666666666,0.2953333333333333,0.5688666666666666,0.05791505791505792,0.9420849420849421,0.19057377049180327,0.5422222222222223,0.1779569167434841,0.45,4
0.8073333333333333,0.3006666666666667,0.5793333333333335,0.03345724907063197,0.966542750929368,0.17248459958932238,0.5411111111111111,0.16200135792529619,0.45,5
0.8075555555555555,0.293,0.5760055555555555,0.05533596837944664,0.9446640316205533,0.17959183673469387,0.5444444444444444,0.17166692817904064,0.45,6
0.8106666666666666,0.254,0.5601666666666666,0.03759398496240601,0.9624060150375939,0.19027484143763213,0.5255555555555556,0.1769012450186264,0.45,7
0.8282222222222223,0.3017777777777778,0.5913222222222223,0.04150943396226415,0.9584905660377359,0.15020576131687244,0.54,0.13700753494051637,0.45,8
0.835,0.3011111111111111,0.5947500000000001,0.04411764705882353,0.9558823529411765,0.1524390243902439,0.5466666666666666,0.1441230789853781,0.45,9
0.8427777777777777,0.26655555555555555,0.5834777777777778,0.03260869565217391,0.967391304347826,0.14712153518123666,0.5211111111111111,0.1377939578446281,0.45,10
0.8340000000000001,0.31444444444444447,0.6002000000000001,0.0421455938697318,0.9578544061302682,0.15643564356435644,0.5611111111111111,0.14212653526172797,0.45,11
0.8242222222222222,0.2624444444444444,0.5714222222222222,0.0038022813688212928,0.9961977186311787,0.1716101694915254,0.5244444444444445,0.15664075044339082,0.45,12
0.8168888888888889,0.2876666666666666,0.5787388888888889,0.05319148936170213,0.9468085106382979,0.16977225672877846,0.5366666666666666,0.15824150268349427,0.45,13
0.8434444444444444,0.3058888888888889,0.6015444444444445,0.05363984674329502,0.946360153256705,0.13496932515337423,0.5433333333333333,0.12608051880765186,0.45,14
0.7995555555555555,0.27033333333333337,0.5614055555555556,0.03873239436619718,0.9612676056338029,0.18895966029723993,0.5233333333333333,0.17519895071016622,0.45,15
0.8308888888888888,0.30266666666666664,0.5931888888888888,0.040892193308550186,0.9591078066914498,0.15132924335378323,0.5433333333333333,0.13744112789451018,0.45,16
0.8134444444444443,0.27855555555555556,0.5727444444444445,0.05166051660516605,0.948339483394834,0.17842323651452283,0.5355555555555556,0.1675936413141052,0.45,17
0.8343333333333335,0.31288888888888894,0.5996833333333333,0.06227106227106227,0.9377289377289377,0.1536926147704591,0.5566666666666666,0.141242037802735,0.45,18
0.7991111111111112,0.28455555555555556,0.5675611111111111,0.06204379562043796,0.9379562043795621,0.18067226890756302,0.5288888888888889,0.16881858793507104,0.45,19
0.7815555555555556,0.33255555555555555,0.5570555555555555,0.07003891050583658,0.9299610894941635,0.16598360655737704,0.5422222222222223,0.16230000770629482,0.5,0
0.7875555555555555,0.29055555555555557,0.5390555555555555,0.07191780821917808,0.928082191780822,0.18867924528301888,0.53,0.17059021174894778,0.5,1
0.7857777777777778,0.36511111111111116,0.5754444444444444,0.054945054945054944,0.945054945054945,0.16893203883495145,0.5722222222222222,0.1541867801805197,0.5,2
0.776888888888889,0.35766666666666663,0.5672777777777778,0.045627376425855515,0.9543726235741445,0.1702970297029703,0.5611111111111111,0.16638895384916025,0.5,3
0.732888888888889,0.35855555555555546,0.5457222222222222,0.06177606177606178,0.9382239382239382,0.2079207920792079,0.5611111111111111,0.20062528674305855,0.5,4
0.7728888888888887,0.33511111111111114,0.554,0.03345724907063197,0.966542750929368,0.17886178861788618,0.5466666666666666,0.172231486586681,0.5,5
0.73,0.3672222222222222,0.5486111111111112,0.07114624505928854,0.9288537549407114,0.20784313725490197,0.5666666666666667,0.20001649551512926,0.5,6
0.7355555555555556,0.33277777777777773,0.5341666666666667,0.05639097744360902,0.943609022556391,0.21063394683026584,0.5433333333333333,0.20158470277737928,0.5,7
0.7922222222222223,0.33555555555555555,0.5638888888888889,0.04150943396226415,0.9584905660377359,0.15885947046843177,0.5455555555555556,0.15262807194918018,0.5,8
0.7964444444444444,0.33955555555555555,0.568,0.04411764705882353,0.9558823529411765,0.15587044534412955,0.5488888888888889,0.15238477976771345,0.5,9
0.7855555555555556,0.322,0.5537777777777777,0.057971014492753624,0.9420289855072463,0.18052738336713997,0.5477777777777778,0.16909217708041657,0.5,10
0.7782222222222221,0.377,0.5776111111111113,0.06130268199233716,0.9386973180076629,0.16634429400386846,0.5744444444444444,0.16142762067941405,0.5,11
0.7764444444444444,0.32733333333333337,0.5518888888888889,0.019011406844106463,0.9809885931558935,0.1748971193415638,0.54,0.17258197603317932,0.5,12
0.7917777777777778,0.31333333333333335,0.5525555555555556,0.05673758865248227,0.9432624113475178,0.17959183673469387,0.5444444444444444,0.1667583851190075,0.5,13
0.8046666666666668,0.34933333333333333,0.577,0.07279693486590039,0.9272030651340997,0.14428857715430862,0.5544444444444444,0.13899904346614927,0.5,14
0.7577777777777778,0.31333333333333335,0.5355555555555556,0.04225352112676056,0.9577464788732394,0.19665271966527198,0.5311111111111111,0.19237532333443352,0.5,15
0.806,0.3286666666666666,0.5673333333333332,0.03345724907063197,0.966542750929368,0.14784394250513347,0.5411111111111111,0.14376045963552844,0.5,16
0.7642222222222221,0.33677777777777773,0.5505,0.05166051660516605,0.948339483394834,0.18495934959349594,0.5466666666666666,0.17832445073080772,0.5,17
0.7917777777777779,0.35733333333333334,0.5745555555555556,0.08424908424908426,0.9157509157509157,0.166015625,0.5688888888888889,0.1475957445037467,0.5,18
0.7682222222222224,0.31811111111111107,0.5431666666666667,0.06204379562043796,0.9379562043795621,0.18333333333333332,0.5333333333333333,0.18026526274663968,0.5,19
0.7744444444444445,0.3416666666666667,0.5494,0.0622568093385214,0.9377431906614786,0.1720647773279352,0.5488888888888889,0.1660261195998493,0.52,0
0.7635555555555557,0.31377777777777777,0.5296711111111111,0.0821917808219178,0.9178082191780822,0.1903765690376569,0.5311111111111111,0.18585894800545447,0.52,1
0.7539999999999999,0.39299999999999996,0.5662799999999999,0.06593406593406594,0.9340659340659341,0.1875,0.5866666666666667,0.18401104981403602,0.52,2
0.7791111111111112,0.356,0.5590933333333333,0.04182509505703422,0.9581749049429658,0.16865079365079366,0.56,0.164541076938866,0.52,3
0.7377777777777778,0.34944444444444445,0.5358444444444445,0.0694980694980695,0.9305019305019305,0.20440881763527055,0.5544444444444444,0.19752730018066963,0.52,4
0.7606666666666666,0.35133333333333333,0.5478133333333333,0.06319702602230483,0.9368029739776952,0.18562874251497005,0.5566666666666666,0.17781993966610066,0.52,5
0.7468888888888889,0.35433333333333333,0.5427599999999999,0.05533596837944664,0.9446640316205533,0.1952191235059761,0.5577777777777778,0.19072058427431773,0.52,6
0.7153333333333333,0.34844444444444445,0.5245511111111111,0.06015037593984962,0.9398496240601504,0.22645290581162325,0.5544444444444444,0.21594073056396584,0.52,7
0.7942222222222222,0.3373333333333334,0.55664,0.04905660377358491,0.9509433962264151,0.1565040650406504,0.5466666666666666,0.1476373501393125,0.52,8
0.7897777777777777,0.34455555555555556,0.5582622222222222,0.05514705882352941,0.9448529411764706,0.16096579476861167,0.5522222222222222,0.1565202487406269,0.52,9
0.7637777777777778,0.3442222222222222,0.5456088888888889,0.057971014492753624,0.9420289855072463,0.1851106639839034,0.5522222222222222,0.17757815853615563,0.52,10
0.7782222222222221,0.377,0.5695866666666667,0.06130268199233716,0.9386973180076629,0.16634429400386846,0.5744444444444444,0.1616877442777985,0.52,11
0.7764444444444445,0.32899999999999996,0.5437733333333333,0.022813688212927757,0.9771863117870723,0.17453798767967146,0.5411111111111111,0.1703188437979929,0.52,12
0.7675555555555555,0.33622222222222226,0.5432622222222222,0.07092198581560284,0.9290780141843972,0.18292682926829268,0.5466666666666666,0.1772921660426855,0.52,13
0.8113333333333334,0.3443333333333333,0.5684933333333333,0.06130268199233716,0.9386973180076629,0.13911290322580644,0.5511111111111111,0.13411633802201628,0.52,14
0.7442222222222221,0.3267777777777778,0.5271511111111111,0.07394366197183098,0.926056338028169,0.205761316872428,0.54,0.1977625150378361,0.52,15
0.7691111111111112,0.3693333333333333,0.5612266666666668,0.040892193308550186,0.9591078066914498,0.17738791423001948,0.57,0.17043701348277934,0.52,16
0.7688888888888888,0.33166666666666667,0.5415333333333333,0.03690036900369004,0.9630996309963099,0.18200408997955012,0.5433333333333333,0.1770498591196451,0.52,17
0.7853333333333333,0.36344444444444446,0.5659511111111111,0.06593406593406594,0.9340659340659341,0.16306483300589392,0.5655555555555556,0.1562203807702663,0.52,18
0.7613333333333334,0.3232222222222222,0.5335155555555555,0.07664233576642336,0.9233576642335767,0.18840579710144928,0.5366666666666666,0.18136577936846512,0.52,19
0.44,0.6033333333333334,0.5298333333333333,0.07392996108949416,0.9260700389105059,0.3806646525679758,0.7355555555555555,0.37837280088303704,0.55,0
0.7433333333333333,0.33111111111111113,0.516611111111111,0.08904109589041095,0.910958904109589,0.2065439672801636,0.5433333333333333,0.20029565844539599,0.55,1
0.7342222222222222,0.41011111111111115,0.5559611111111111,0.06593406593406594,0.9340659340659341,0.20222634508348794,0.5988888888888889,0.1934308355031632,0.55,2
0.6775555555555556,0.4334444444444444,0.5432944444444443,0.13688212927756654,0.8631178707224335,0.24094202898550723,0.6133333333333333,0.2321046088978497,0.55,3
0.4111111111111111,0.6133333333333333,0.5223333333333333,0.10424710424710425,0.8957528957528957,0.3967065868263473,0.7422222222222222,0.3933073719213972,0.55,4
0.75,0.3566666666666667,0.5336666666666666,0.03345724907063197,0.966542750929368,0.19603960396039605,0.5611111111111111,0.19237167734258245,0.55,5
0.6984444444444444,0.39299999999999996,0.53045,0.10276679841897234,0.8972332015810277,0.2300380228136882,0.5844444444444444,0.2205581064294393,0.55,6
0.4288888888888889,0.58,0.5119999999999999,0.05263157894736842,0.9473684210526315,0.3966049382716049,0.72,0.3954947304419998,0.55,7
0.7817777777777777,0.3468888888888889,0.5425888888888888,0.05660377358490566,0.9433962264150944,0.16666666666666666,0.5533333333333333,0.1569323051498886,0.55,8
0.7704444444444446,0.3625555555555555,0.5461055555555555,0.08455882352941177,0.9154411764705882,0.17519685039370078,0.5644444444444444,0.16628695992237563,0.55,9
0.7088888888888889,0.3883333333333333,0.5325833333333333,0.07608695652173914,0.9239130434782609,0.22666666666666666,0.5833333333333334,0.21330641464462638,0.55,10
0.5088888888888888,0.5916666666666667,0.5544166666666667,0.06130268199233716,0.9386973180076629,0.3374045801526718,0.7277777777777777,0.3348518540618097,0.55,11
0.7468888888888889,0.35377777777777775,0.5306777777777777,0.019011406844106463,0.9809885931558935,0.1988071570576541,0.5588888888888889,0.1915552569804553,0.55,12
0.6462222222222221,0.4324444444444445,0.5286444444444444,0.06382978723404255,0.9361702127659575,0.27256317689530685,0.6155555555555555,0.25984799814074416,0.55,13
0.7028888888888889,0.4368888888888889,0.5565888888888888,0.08812260536398467,0.9118773946360154,0.22162162162162163,0.6166666666666667,0.21205561200273637,0.55,14
0.7193333333333334,0.34588888888888886,0.5139388888888888,0.0880281690140845,0.9119718309859155,0.2248995983935743,0.5533333333333333,0.21647576226662513,0.55,15
0.7508888888888888,0.3834444444444445,0.5487944444444444,0.04460966542750929,0.9553903345724907,0.19157088122605365,0.58,0.1820762062650511,0.55,16
0.7117777777777777,0.38077777777777777,0.5297277777777778,0.06642066420664207,0.933579335793358,0.225,0.5777777777777777,0.21586097068741816,0.55,17
0.7242222222222222,0.4167777777777778,0.5551277777777778,0.13186813186813187,0.8681318681318682,0.2066420664206642,0.6022222222222222,0.19497836988571488,0.55,18
0.714888888888889,0.3658888888888888,0.5229388888888888,0.09854014598540146,0.9014598540145985,0.2235294117647059,0.5666666666666667,0.21129377460041654,0.55,19
-0.08888888888888889,1.0,0.5426666666666667,1.0,0.0,0.5444444444444444,1.0,0.5444275873014159,0.58,0
-0.13333333333333333,1.0,0.524,1.0,0.0,0.5666666666666667,1.0,0.5666418982703064,0.58,1
-0.03777777777777778,1.0,0.5641333333333334,1.0,0.0,0.5188888888888888,1.0,0.5188705218956158,0.58,2
-0.06666666666666667,1.0,0.552,1.0,0.0,0.5333333333333333,1.0,0.5333143145038788,0.58,3
-0.10222222222222223,1.0,0.5370666666666667,1.0,0.0,0.5511111111111111,1.0,0.551082746877161,0.58,4
-0.08888888888888889,1.0,0.5426666666666667,1.0,0.0,0.5444444444444444,1.0,0.5444200965080794,0.58,5
-0.09777777777777778,1.0,0.5389333333333334,1.0,0.0,0.5488888888888889,1.0,0.5487969162922491,0.58,6
-0.12444444444444444,1.0,0.5277333333333334,1.0,0.0,0.5622222222222222,1.0,0.5621886078904093,0.58,7
-0.07111111111111111,1.0,0.5501333333333334,1.0,0.0,0.5355555555555556,1.0,0.5354768462332935,0.58,8
-0.06444444444444444,1.0,0.5529333333333334,1.0,0.0,0.5322222222222223,1.0,0.5321830268347905,0.58,9
-0.09333333333333334,1.0,0.5408000000000001,1.0,0.0,0.5466666666666666,1.0,0.546625525934656,0.58,10
-0.035555555555555556,1.0,0.5650666666666667,1.0,0.0,0.5177777777777778,1.0,0.517720713601553,0.58,11
-0.1,1.0,0.538,1.0,0.0,0.55,1.0,0.5499563055134717,0.58,12
-0.10222222222222223,1.0,0.5370666666666667,1.0,0.0,0.5511111111111111,1.0,0.5510349696285254,0.58,13
-0.04,1.0,0.5632,1.0,0.0,0.52,1.0,0.519919039347309,0.58,14
-0.13777777777777778,1.0,0.5221333333333333,1.0,0.0,0.5688888888888889,1.0,0.5688585869039666,0.58,15
-0.06,1.0,0.5548000000000001,1.0,0.0,0.53,1.0,0.5298814210717955,0.58,16
-0.1,1.0,0.538,1.0,0.0,0.55,1.0,0.5499175063064734,0.58,17
-0.044444444444444446,1.0,0.5613333333333334,1.0,0.0,0.5222222222222223,1.0,0.5222013068025073,0.58,18
-0.11777777777777777,1.0,0.5305333333333333,1.0,0.0,0.5588888888888889,1.0,0.5586896033440237,0.58,19
-0.08888888888888889,1.0,0.5644444444444444,1.0,0.0,0.5444444444444444,1.0,0.5444272486539459,0.6,0
-0.13333333333333333,1.0,0.5466666666666666,1.0,0.0,0.5666666666666667,1.0,0.5666517464218518,0.6,1
-0.03777777777777778,1.0,0.5848888888888889,1.0,0.0,0.5188888888888888,1.0,0.5188737266849301,0.6,2
-0.06666666666666667,1.0,0.5733333333333334,1.0,0.0,0.5333333333333333,1.0,0.5333138574151175,0.6,3
-0.10222222222222223,1.0,0.5591111111111111,1.0,0.0,0.5511111111111111,1.0,0.5510879194933564,0.6,4
-0.08888888888888889,1.0,0.5644444444444444,1.0,0.0,0.5444444444444444,1.0,0.5444242717556533,0.6,5
-0.09777777777777778,1.0,0.560888888888889,1.0,0.0,0.5488888888888889,1.0,0.5488320702587444,0.6,6
-0.12444444444444444,1.0,0.5502222222222223,1.0,0.0,0.5622222222222222,1.0,0.5621966691180615,0.6,7
-0.07111111111111111,1.0,0.5715555555555557,1.0,0.0,0.5355555555555556,1.0,0.5355142685483224,0.6,8
-0.06444444444444444,1.0,0.5742222222222222,1.0,0.0,0.5322222222222223,1.0,0.5321628246876335,0.6,9
-0.09333333333333334,1.0,0.5626666666666668,1.0,0.0,0.5466666666666666,1.0,0.5466471839995022,0.6,10
-0.035555555555555556,1.0,0.5857777777777778,1.0,0.0,0.5177777777777778,1.0,0.5177185258071897,0.6,11
-0.1,1.0,0.56,1.0,0.0,0.55,1.0,0.549976477749099,0.6,12
-0.10222222222222223,1.0,0.5591111111111111,1.0,0.0,0.5511111111111111,1.0,0.5510247207823732,0.6,13
-0.04,1.0,0.5840000000000001,1.0,0.0,0.52,1.0,0.5199845314951181,0.6,14
-0.13777777777777778,1.0,0.5448888888888889,1.0,0.0,0.5688888888888889,1.0,0.5688403772845989,0.6,15
-0.06,1.0,0.576,1.0,0.0,0.53,1.0,0.5299743784990044,0.6,16
-0.1,1.0,0.56,1.0,0.0,0.55,1.0,0.5499501747702245,0.6,17
-0.044444444444444446,1.0,0.5822222222222222,1.0,0.0,0.5222222222222223,1.0,0.5221991412743572,0.6,18
-0.11777777777777777,1.0,0.5528888888888889,1.0,0.0,0.5588888888888889,1.0,0.5588495536816487,0.6,19
-0.08888888888888889,1.0,0.6188888888888889,1.0,0.0,0.5444444444444444,1.0,0.5444342219856881,0.65,0
-0.13333333333333333,1.0,0.6033333333333334,1.0,0.0,0.5666666666666667,1.0,0.5666554050220146,0.65,1
-0.03777777777777778,1.0,0.6367777777777778,1.0,0.0,0.5188888888888888,1.0,0.5188726532404657,0.65,2
-0.06666666666666667,1.0,0.6266666666666667,1.0,0.0,0.5333333333333333,1.0,0.5333167042071782,0.65,3
-0.10222222222222223,1.0,0.6142222222222222,1.0,0.0,0.5511111111111111,1.0,0.5510957917173198,0.65,4
-0.08888888888888889,1.0,0.6188888888888889,1.0,0.0,0.5444444444444444,1.0,0.5444174216581488,0.65,5
-0.09777777777777778,1.0,0.6157777777777778,1.0,0.0,0.5488888888888889,1.0,0.54885173101934,0.65,6
-0.12444444444444444,1.0,0.6064444444444443,1.0,0.0,0.5622222222222222,1.0,0.5621856448646112,0.65,7
-0.07111111111111111,1.0,0.6251111111111111,1.0,0.0,0.5355555555555556,1.0,0.5355201065268127,0.65,8
-0.06444444444444444,1.0,0.6274444444444445,1.0,0.0,0.5322222222222223,1.0,0.532189514708479,0.65,9
-0.09333333333333334,1.0,0.6173333333333332,1.0,0.0,0.5466666666666666,1.0,0.5466509838256661,0.65,10
-0.035555555555555556,1.0,0.6375555555555555,1.0,0.0,0.5177777777777778,1.0,0.5177560304082502,0.65,11
-0.1,1.0,0.615,1.0,0.0,0.55,1.0,0.549982813235756,0.65,12
-0.10222222222222223,1.0,0.6142222222222222,1.0,0.0,0.5511111111111111,1.0,0.5510646065600792,0.65,13
-0.04,1.0,0.636,1.0,0.0,0.52,1.0,0.5199904423162213,0.65,14
-0.13777777777777778,1.0,0.6017777777777776,1.0,0.0,0.5688888888888889,1.0,0.5688734852416799,0.65,15
-0.06,1.0,0.6289999999999999,1.0,0.0,0.53,1.0,0.529967447367228,0.65,16
-0.1,1.0,0.615,1.0,0.0,0.55,1.0,0.5499653260683313,0.65,17
-0.044444444444444446,1.0,0.6344444444444445,1.0,0.0,0.5222222222222223,1.0,0.5222013237658689,0.65,18
-0.11777777777777777,1.0,0.6087777777777778,1.0,0.0,0.5588888888888889,1.0,0.558867043128125,0.65,19
-0.08888888888888889,1.0,0.6733333333333333,1.0,0.0,0.5444444444444444,1.0,0.5444348249483448,0.7,0
-0.13333333333333333,1.0,0.66,1.0,0.0,0.5666666666666667,1.0,0.5666592069848212,0.7,1
-0.03777777777777778,1.0,0.6886666666666668,1.0,0.0,0.5188888888888888,1.0,0.5188745870047216,0.7,2
-0.06666666666666667,1.0,0.6800000000000002,1.0,0.0,0.5333333333333333,1.0,0.5333179838305354,0.7,3
-0.10222222222222223,1.0,0.6693333333333334,1.0,0.0,0.5511111111111111,1.0,0.5510979606142951,0.7,4
-0.08888888888888889,1.0,0.6733333333333333,1.0,0.0,0.5444444444444444,1.0,0.5444198587573013,0.7,5
-0.09777777777777778,1.0,0.6706666666666669,1.0,0.0,0.5488888888888889,1.0,0.5488529045523872,0.7,6
-0.12444444444444444,1.0,0.6626666666666667,1.0,0.0,0.5622222222222222,1.0,0.5621894718195066,0.7,7
-0.07111111111111111,1.0,0.6786666666666668,1.0,0.0,0.5355555555555556,1.0,0.535516769340593,0.7,8
-0.06444444444444444,1.0,0.6806666666666666,1.0,0.0,0.5322222222222223,1.0,0.5321942166320488,0.7,9
-0.09333333333333334,1.0,0.672,1.0,0.0,0.5466666666666666,1.0,0.5466532053606985,0.7,10
-0.035555555555555556,1.0,0.6893333333333335,1.0,0.0,0.5177777777777778,1.0,0.5177567503252817,0.7,11
-0.1,1.0,0.6700000000000002,1.0,0.0,0.55,1.0,0.5499833918154409,0.7,12
-0.10222222222222223,1.0,0.6693333333333334,1.0,0.0,0.5511111111111111,1.0,0.5510728583350121,0.7,13
-0.04,1.0,0.6880000000000001,1.0,0.0,0.52,1.0,0.5199918206724177,0.7,14
-0.13777777777777778,1.0,0.6586666666666667,1.0,0.0,0.5688888888888889,1.0,0.5688770173545435,0.7,15
-0.06,1.0,0.6819999999999999,1.0,0.0,0.53,1.0,0.5299834377400675,0.7,16
-0.1,1.0,0.67,1.0,0.0,0.55,1.0,0.5499680249466801,0.7,17
-0.044444444444444446,1.0,0.6866666666666666,1.0,0.0,0.5222222222222223,1.0,0.5221995474165022,0.7,18
-0.11777777777777777,1.0,0.6646666666666667,1.0,0.0,0.5588888888888889,1.0,0.5588715117554423,0.7,19
-0.08888888888888889,1.0,0.782222222222222,1.0,0.0,0.5444444444444444,1.0,0.5444335584272502,0.8,0
-0.13333333333333333,1.0,0.7733333333333333,1.0,0.0,0.5666666666666667,1.0,0.5666562798816195,0.8,1
-0.03777777777777778,1.0,0.7924444444444443,1.0,0.0,0.5188888888888888,1.0,0.5188796804948899,0.8,2
-0.06666666666666667,1.0,0.7866666666666665,1.0,0.0,0.5333333333333333,1.0,0.5333184288079196,0.8,3
-0.10222222222222223,1.0,0.7795555555555554,1.0,0.0,0.5511111111111111,1.0,0.5510966199053839,0.8,4
-0.08888888888888889,1.0,0.7822222222222223,1.0,0.0,0.5444444444444444,1.0,0.544433524410697,0.8,5
-0.09777777777777778,1.0,0.7804444444444443,1.0,0.0,0.5488888888888889,1.0,0.5488643302931311,0.8,6
-0.12444444444444444,1.0,0.775111111111111,1.0,0.0,0.5622222222222222,1.0,0.5622084163980352,0.8,7
-0.07111111111111111,1.0,0.7857777777777777,1.0,0.0,0.5355555555555556,1.0,0.5355276653148141,0.8,8
-0.06444444444444444,1.0,0.7871111111111111,1.0,0.0,0.5322222222222223,1.0,0.5321945588494861,0.8,9
-0.09333333333333334,1.0,0.7813333333333332,1.0,0.0,0.5466666666666666,1.0,0.5466543154974131,0.8,10
-0.035555555555555556,1.0,0.7928888888888888,1.0,0.0,0.5177777777777778,1.0,0.5177655409668942,0.8,11
-0.1,1.0,0.7799999999999999,1.0,0.0,0.55,1.0,0.5499854019418451,0.8,12
-0.10222222222222223,1.0,0.7795555555555554,1.0,0.0,0.5511111111111111,1.0,0.5510754376541056,0.8,13
-0.04,1.0,0.7919999999999999,1.0,0.0,0.52,1.0,0.5199881263433914,0.8,14
-0.13777777777777778,1.0,0.7724444444444444,1.0,0.0,0.5688888888888889,1.0,0.5688809603494255,0.8,15
-0.06,1.0,0.7879999999999999,1.0,0.0,0.53,1.0,0.5299846158728436,0.8,16
-0.1,1.0,0.78,1.0,0.0,0.55,1.0,0.5499798896052148,0.8,17
-0.044444444444444446,1.0,0.7911111111111111,1.0,0.0,0.5222222222222223,1.0,0.522207273855174,0.8,18
-0.11777777777777777,1.0,0.7764444444444444,1.0,0.0,0.5588888888888889,1.0,0.5588715574390354,0.8,19
