coverage,deployment,epistemic_utility,policy,selective_risk,unsupported_certainty_rate
0.461138,calibration,0.85,pooled_crs,0.061213779822959724,0.028389884186874513
0.461184,calibration,0.85,category_crs_matched,0.061207674160421874,0.02854323489995533
0.460634,train_40_30_30,0.8502366000000001,pooled_crs,0.06115484310754308,0.02938044143880295
0.46067,train_40_30_30,0.8502366000000001,category_crs_matched,0.06115006403716326,0.029500252935381666
0.676682,easier_70_20_10,0.7861431999999999,pooled_crs,0.06788417602359749,0.028869620428976766
0.676694,easier_70_20_10,0.7861391999999999,category_crs_matched,0.06788592776055351,0.028988670410127187
0.35957,ambiguous_20_50_30,0.874814,pooled_crs,0.04627749812275774,0.02872597032380674
0.359624,ambiguous_20_50_30,0.874794,category_crs_matched,0.046298356060774586,0.02890538304616223
0.295506,harder_20_30_50,0.9029176000000001,pooled_crs,0.052459171725785604,0.02900330732427833
0.295552,harder_20_30_50,0.9029016000000001,category_crs_matched,0.05247807492420961,0.029095623414571493
0.178554,much_harder_10_20_70,0.9437004000000001,pooled_crs,0.04815349978157868,0.030094079689351436
0.178626,much_harder_10_20_70,0.9436884000000001,category_crs_matched,0.04816767995700514,0.030196867817322656
