ambiguous_coverage,ambiguous_epistemic,ambiguous_unsupported_certainty,constraint_violation,coverage,deployment,epistemic_utility,insufficient_coverage,insufficient_epistemic,insufficient_unsupported_certainty,matched_ambiguous_achieved,matched_ambiguous_target,matched_ambiguous_undershoot,matched_insufficient_achieved,matched_insufficient_target,matched_insufficient_undershoot,matched_sufficient_achieved,matched_sufficient_target,matched_sufficient_undershoot,p_ambiguous,p_insufficient,p_sufficient,policy,selective_risk,smoothness_utility,sufficient_coverage,sufficient_epistemic,sufficient_unsupported_certainty,unsupported_certainty_rate
0.3597851112816577,0.8553131569288264,0.3597851112816577,,0.461138,calibration,0.85,0.028389884186874513,0.9984531580245761,0.028389884186874513,,,,,,,,,,0.3,0.3,0.4,pooled_crs,0.061213779822959724,0.19744860000000003,0.8612543212836961,0.7347910796714826,0.7821573446835721,0.028389884186874513
0.3597851112816577,0.8553131569288264,0.3597851112816577,,0.461184,calibration,0.85,0.02854323489995533,0.9984531580245761,0.02854323489995533,,,,,,,,,,0.3,0.3,0.4,category_crs_matched,0.061207674160421874,0.19751760000000004,0.8612543212836961,0.7347910796714826,0.7821573446835721,0.02854323489995533
0.35892070557973094,0.8546044608525866,0.35892070557973094,0.0,0.460634,train_40_30_30,0.8502366000000001,0.02938044143880295,0.9988018850342129,0.02938044143880295,0.8546044608525866,0.8553131569288264,0.0007086960762398009,0.9988018850342129,0.9984531580245761,0.0,0.7351892560452271,0.7347910796714826,0.0,0.3,0.3,0.4,pooled_crs,0.06115484310754308,0.19674039999999998,0.8614943190638098,0.7351892560452271,0.7822816883071361,0.02938044143880295
0.35892070557973094,0.8546044608525866,0.35892070557973094,,0.46067,train_40_30_30,0.8502366000000001,0.029500252935381666,0.9988018850342129,0.029500252935381666,0.8546044608525866,0.8553131569288264,0.0007086960762398009,0.9988018850342129,0.9984531580245761,0.0,0.7351892560452271,0.7347910796714826,0.0,0.3,0.3,0.4,category_crs_matched,0.06115006403716326,0.19679439999999998,0.8614943190638098,0.7351892560452271,0.7822816883071361,0.029500252935381666
0.35740692632041726,0.8550548550188846,0.35740692632041726,0.06385680000000005,0.676682,easier_70_20_10,0.7861431999999999,0.028869620428976766,0.9981745669556936,0.028869620428976766,0.8550548550188846,0.8553131569288264,0.0002583019099418049,0.9981745669556936,0.9984531580245761,0.0002785910688825055,0.7358369645140893,0.7347910796714826,0.0,0.2,0.1,0.7,pooled_crs,0.06788417602359749,0.504566,0.8615153968739897,0.7358369645140893,0.7828358401116964,0.028869620428976766
0.35740692632041726,0.8550548550188846,0.35740692632041726,,0.676694,easier_70_20_10,0.7861391999999999,0.028988670410127187,0.9981348836286434,0.028988670410127187,0.8550548550188846,0.8553131569288264,0.0002583019099418049,0.9981348836286434,0.9984531580245761,0.0003182743959326828,0.7358369645140893,0.7347910796714826,0.0,0.2,0.1,0.7,category_crs_matched,0.06788592776055351,0.504584,0.8615153968739897,0.7358369645140893,0.7828358401116964,0.028988670410127187
0.3595040495950405,0.8557104289571045,0.3595040495950405,0.0,0.35957,ambiguous_20_50_30,0.874814,0.02872597032380674,0.9985912778837273,0.02872597032380674,0.8557104289571045,0.8553131569288264,0.0,0.9985912778837273,0.9984531580245761,0.0,0.735585621808532,0.7347910796714826,0.0,0.5,0.3,0.2,pooled_crs,0.04627749812275774,0.0648968,0.8602086767721443,0.735585621808532,0.7825781030115395,0.02872597032380674
0.3595040495950405,0.8557104289571045,0.3595040495950405,,0.359624,ambiguous_20_50_30,0.874794,0.02890538304616223,0.9985248287272993,0.02890538304616223,0.8557104289571045,0.8553131569288264,0.0,0.9985248287272993,0.9984531580245761,0.0,0.735585621808532,0.7347910796714826,0.0,0.5,0.3,0.2,category_crs_matched,0.046298356060774586,0.06497780000000002,0.8602086767721443,0.735585621808532,0.7825781030115395,0.02890538304616223
0.36077031109226776,0.8552877735969049,0.36077031109226776,0.0,0.295506,harder_20_30_50,0.9029176000000001,0.02900330732427833,0.9985309700414219,0.02900330732427833,0.8552877735969049,0.8553131569288264,2.5383331921480234e-05,0.9985309700414219,0.9984531580245761,0.0,0.7364409833440102,0.7347910796714826,0.0,0.3,0.5,0.2,pooled_crs,0.052459171725785604,-0.044096399999999994,0.8615070467648943,0.7364409833440102,0.782921604740551,0.02900330732427833
0.36077031109226776,0.8552877735969049,0.36077031109226776,,0.295552,harder_20_30_50,0.9029016000000001,0.029095623414571493,0.9984988600969721,0.029095623414571493,0.8552877735969049,0.8553131569288264,2.5383331921480234e-05,0.9984988600969721,0.9984531580245761,0.0,0.7364409833440102,0.7347910796714826,0.0,0.3,0.5,0.2,category_crs_matched,0.05247807492420961,-0.044027399999999994,0.8615070467648943,0.7364409833440102,0.782921604740551,0.029095623414571493
0.3573600304042566,0.8543496089452524,0.3573600304042566,0.0,0.178554,much_harder_10_20_70,0.9437004000000001,0.030094079689351436,0.9986980170456979,0.030094079689351436,0.8543496089452524,0.8553131569288264,0.0009635479835740091,0.9986980170456979,0.9984531580245761,0.0,0.736218083930975,0.7347910796714826,0.0,0.2,0.7,0.1,pooled_crs,0.04815349978157868,-0.222665,0.8639386086502341,0.736218083930975,0.7852307197814339,0.030094079689351436
0.3573600304042566,0.8543496089452524,0.3573600304042566,,0.178626,much_harder_10_20_70,0.9436884000000001,0.030196867817322656,0.998680885691036,0.030196867817322656,0.8543496089452524,0.8553131569288264,0.0009635479835740091,0.998680885691036,0.9984531580245761,0.0,0.736218083930975,0.7347910796714826,0.0,0.2,0.7,0.1,category_crs_matched,0.04816767995700514,-0.222557,0.8639386086502341,0.736218083930975,0.7852307197814339,0.030196867817322656
