target_sufficient,target_ambiguous,target_insufficient,feasible,lambda_sufficient,lambda_ambiguous,lambda_insufficient,sufficient_achieved_calibration,sufficient_max_calibration,sufficient_feasible,ambiguous_achieved_calibration,ambiguous_max_calibration,ambiguous_feasible,insufficient_achieved_calibration,insufficient_max_calibration,insufficient_feasible
0.7,0.8,0.95,True,1.5132316652769475,1.0845013472186165,0.8343082336296143,0.7000025040565717,0.7375042568961717,True,0.8000093380023344,0.8569524762381191,True,0.9500129655117387,0.9999867020392423,True
0.7,0.8,0.98,True,1.5132316652769475,1.0845013472186165,1.0317684230488722,0.7000025040565717,0.7375042568961717,True,0.8000093380023344,0.8569524762381191,True,0.9800131649811501,0.9999867020392423,True
0.7,0.8,0.99,True,1.5132316652769475,1.0845013472186165,1.4527800165853852,0.7000025040565717,0.7375042568961717,True,0.8000093380023344,0.8569524762381191,True,0.9900132314709539,0.9999867020392423,True
0.7,0.85,0.95,True,1.5132316652769475,3.6606419226725593,0.8343082336296143,0.7000025040565717,0.7375042568961717,True,0.850003668500917,0.8569524762381191,True,0.9500129655117387,0.9999867020392423,True
0.7,0.85,0.98,True,1.5132316652769475,3.6606419226725593,1.0317684230488722,0.7000025040565717,0.7375042568961717,True,0.850003668500917,0.8569524762381191,True,0.9800131649811501,0.9999867020392423,True
0.7,0.85,0.99,True,1.5132316652769475,3.6606419226725593,1.4527800165853852,0.7000025040565717,0.7375042568961717,True,0.850003668500917,0.8569524762381191,True,0.9900132314709539,0.9999867020392423,True
0.7,0.9,0.95,False,1.5132316652769475,200.0,0.8343082336296143,0.7000025040565717,0.7375042568961717,True,0.8569524762381191,0.8569524762381191,False,0.9500129655117387,0.9999867020392423,True
0.7,0.9,0.98,False,1.5132316652769475,200.0,1.0317684230488722,0.7000025040565717,0.7375042568961717,True,0.8569524762381191,0.8569524762381191,False,0.9800131649811501,0.9999867020392423,True
0.7,0.9,0.99,False,1.5132316652769475,200.0,1.4527800165853852,0.7000025040565717,0.7375042568961717,True,0.8569524762381191,0.8569524762381191,False,0.9900132314709539,0.9999867020392423,True
0.72,0.8,0.95,True,4.058941420966153,1.0845013472186165,0.8343082336296143,0.7200004006490514,0.7375042568961717,True,0.8000093380023344,0.8569524762381191,True,0.9500129655117387,0.9999867020392423,True
0.72,0.8,0.98,True,4.058941420966153,1.0845013472186165,1.0317684230488722,0.7200004006490514,0.7375042568961717,True,0.8000093380023344,0.8569524762381191,True,0.9800131649811501,0.9999867020392423,True
0.72,0.8,0.99,True,4.058941420966153,1.0845013472186165,1.4527800165853852,0.7200004006490514,0.7375042568961717,True,0.8000093380023344,0.8569524762381191,True,0.9900132314709539,0.9999867020392423,True
0.72,0.85,0.95,True,4.058941420966153,3.6606419226725593,0.8343082336296143,0.7200004006490514,0.7375042568961717,True,0.850003668500917,0.8569524762381191,True,0.9500129655117387,0.9999867020392423,True
0.72,0.85,0.98,True,4.058941420966153,3.6606419226725593,1.0317684230488722,0.7200004006490514,0.7375042568961717,True,0.850003668500917,0.8569524762381191,True,0.9800131649811501,0.9999867020392423,True
0.72,0.85,0.99,True,4.058941420966153,3.6606419226725593,1.4527800165853852,0.7200004006490514,0.7375042568961717,True,0.850003668500917,0.8569524762381191,True,0.9900132314709539,0.9999867020392423,True
0.72,0.9,0.95,False,4.058941420966153,200.0,0.8343082336296143,0.7200004006490514,0.7375042568961717,True,0.8569524762381191,0.8569524762381191,False,0.9500129655117387,0.9999867020392423,True
0.72,0.9,0.98,False,4.058941420966153,200.0,1.0317684230488722,0.7200004006490514,0.7375042568961717,True,0.8569524762381191,0.8569524762381191,False,0.9800131649811501,0.9999867020392423,True
0.72,0.9,0.99,False,4.058941420966153,200.0,1.4527800165853852,0.7200004006490514,0.7375042568961717,True,0.8569524762381191,0.8569524762381191,False,0.9900132314709539,0.9999867020392423,True
0.74,0.8,0.95,False,200.0,1.0845013472186165,0.8343082336296143,0.7375042568961717,0.7375042568961717,False,0.8000093380023344,0.8569524762381191,True,0.9500129655117387,0.9999867020392423,True
0.74,0.8,0.98,False,200.0,1.0845013472186165,1.0317684230488722,0.7375042568961717,0.7375042568961717,False,0.8000093380023344,0.8569524762381191,True,0.9800131649811501,0.9999867020392423,True
0.74,0.8,0.99,False,200.0,1.0845013472186165,1.4527800165853852,0.7375042568961717,0.7375042568961717,False,0.8000093380023344,0.8569524762381191,True,0.9900132314709539,0.9999867020392423,True
0.74,0.85,0.95,False,200.0,3.6606419226725593,0.8343082336296143,0.7375042568961717,0.7375042568961717,False,0.850003668500917,0.8569524762381191,True,0.9500129655117387,0.9999867020392423,True
0.74,0.85,0.98,False,200.0,3.6606419226725593,1.0317684230488722,0.7375042568961717,0.7375042568961717,False,0.850003668500917,0.8569524762381191,True,0.9800131649811501,0.9999867020392423,True
0.74,0.85,0.99,False,200.0,3.6606419226725593,1.4527800165853852,0.7375042568961717,0.7375042568961717,False,0.850003668500917,0.8569524762381191,True,0.9900132314709539,0.9999867020392423,True
0.74,0.9,0.95,False,200.0,200.0,0.8343082336296143,0.7375042568961717,0.7375042568961717,False,0.8569524762381191,0.8569524762381191,False,0.9500129655117387,0.9999867020392423,True
0.74,0.9,0.98,False,200.0,200.0,1.0317684230488722,0.7375042568961717,0.7375042568961717,False,0.8569524762381191,0.8569524762381191,False,0.9800131649811501,0.9999867020392423,True
0.74,0.9,0.99,False,200.0,200.0,1.4527800165853852,0.7375042568961717,0.7375042568961717,False,0.8569524762381191,0.8569524762381191,False,0.9900132314709539,0.9999867020392423,True
