target_label,deploy_mix,mix_sufficient,mix_ambiguous,mix_insufficient,lambda_sufficient,lambda_ambiguous,lambda_insufficient,epistemic_utility,smoothness_utility,aggregate_scalar_reward,unsupported_certainty_rate,calibrated_abstention_rate,selective_risk,coverage,category_sufficient_epistemic,category_ambiguous_epistemic,category_insufficient_epistemic,target_sufficient,target_ambiguous,target_insufficient,undershoot_sufficient,undershoot_ambiguous,undershoot_insufficient,max_category_undershoot,all_category_floors_met
s0.70_a0.80_i0.95,train_40_30_30,0.4,0.3,0.3,1.5241257926252147,1.0732864311360257,0.8333374954823256,0.8058127999999999,0.300957,0.5786276899999999,0.07039392627618128,0.9296060737238188,0.18199112698862194,0.550884,0.7019608814162784,0.8007612836776029,0.9497597917489101,0.7,0.8,0.95,0.0,0.0,0.00024020825108983512,0.00024020825108983512,False
s0.70_a0.80_i0.95,easier_70_20_10,0.7,0.2,0.1,1.5241257926252147,1.0732864311360257,0.8333374954823256,0.7463143999999999,0.6266144,0.6924493999999999,0.0701873798846893,0.9298126201153107,0.19005027077610712,0.792906,0.7015740723348534,0.8013955678012968,0.9496040123263269,0.7,0.8,0.95,0.0,0.0,0.00039598767367310383,0.00039598767367310383,False
s0.70_a0.80_i0.95,ambiguous_20_50_30,0.2,0.5,0.3,1.5241257926252147,1.0732864311360257,0.8333374954823256,0.8257304,0.162341,0.52720517,0.07039392627618128,0.9296060737238188,0.15765689457032842,0.436822,0.7008951186564474,0.8010186707614826,0.9497597917489101,0.7,0.8,0.95,0.0,0.0,0.00024020825108983512,0.00024020825108983512,False
s0.70_a0.80_i0.95,harder_20_30_50,0.2,0.3,0.5,1.5241257926252147,1.0732864311360257,0.8333374954823256,0.8555412000000001,0.04241860000000001,0.48963603000000006,0.07019117205484937,0.9298088279451506,0.17906695938529088,0.3644,0.7008951186564474,0.8012628901074349,0.949860264261447,0.7,0.8,0.95,0.0,0.0,0.00013973573855297072,0.00013973573855297072,False
s0.70_a0.80_i0.95,much_harder_10_20_70,0.1,0.2,0.7,1.5241257926252147,1.0732864311360257,0.8333374954823256,0.8957484,-0.146234,0.42685632000000007,0.07002221339150173,0.9299777866084983,0.19429377858636696,0.235252,0.7032681115222769,0.8010970498064224,0.950150729894799,0.7,0.8,0.95,0.0,0.0,0.0,0.0,True
s0.70_a0.80_i0.98,train_40_30_30,0.4,0.3,0.3,1.5241257926252147,1.0732864311360257,1.0285181621226884,0.8146247999999999,0.292905,0.5798508899999999,0.05251906363424461,0.9474809363657554,0.17570520388036281,0.545516,0.7019608814162784,0.8007612836776029,0.9795206074575732,0.7,0.8,0.98,0.0,0.0,0.0004793925424267931,0.0004793925424267931,False
s0.70_a0.80_i0.98,easier_70_20_10,0.7,0.2,0.1,1.5241257926252147,1.0732864311360257,1.0285181621226884,0.7492063999999999,0.6239444000000001,0.6928385,0.052370275464445865,0.9476297245355542,0.18865010124809448,0.791126,0.7015740723348534,0.8013955678012968,0.9791778856171093,0.7,0.8,0.98,0.0,0.0,0.000822114382890704,0.000822114382890704,False
s0.70_a0.80_i0.98,ambiguous_20_50_30,0.2,0.5,0.3,1.5241257926252147,1.0732864311360257,1.0285181621226884,0.8345424,0.154289,0.52842837,0.05251906363424461,0.9474809363657554,0.1494064257139811,0.431454,0.7008951186564474,0.8010186707614826,0.9795206074575732,0.7,0.8,0.98,0.0,0.0,0.0004793925424267931,0.0004793925424267931,False
s0.70_a0.80_i0.98,harder_20_30_50,0.2,0.3,0.5,1.5241257926252147,1.0732864311360257,1.0285181621226884,0.8704172000000001,0.028933600000000007,0.4917495800000001,0.05219497547793014,0.9478050245220698,0.16266846740384344,0.35541,0.7008951186564474,0.8012628901074349,0.9798334395473918,0.7,0.8,0.98,0.0,0.0,0.00016656045260821095,0.00016656045260821095,False
s0.70_a0.80_i0.98,much_harder_10_20_70,0.1,0.2,0.7,1.5241257926252147,1.0732864311360257,1.0285181621226884,0.9162844,-0.16475,0.4298189200000001,0.05237729030930075,0.9476227096906993,0.158989358838624,0.222908,0.7032681115222769,0.8010970498064224,0.9795477488636619,0.7,0.8,0.98,0.0,0.0,0.00045225113633806657,0.00045225113633806657,False
s0.70_a0.80_i0.99,train_40_30_30,0.4,0.3,0.3,1.5241257926252147,1.0732864311360257,1.429000587691466,0.8177967999999999,0.289119,0.57989179,0.04411441510439213,0.9558855848956078,0.17360108436220054,0.542992,0.7019608814162784,0.8007612836776029,0.9902241026459159,0.7,0.8,0.99,0.0,0.0,0.0,0.0,True
s0.70_a0.80_i0.99,easier_70_20_10,0.7,0.2,0.1,1.5241257926252147,1.0732864311360257,1.429000587691466,0.7502503999999999,0.6226304,0.6928214,0.043601857783472135,0.9563981422165279,0.18819867130654855,0.79025,0.7015740723348534,0.8013955678012968,0.990328118949038,0.7,0.8,0.99,0.0,0.0,0.0,0.0,True
s0.70_a0.80_i0.99,ambiguous_20_50_30,0.2,0.5,0.3,1.5241257926252147,1.0732864311360257,1.429000587691466,0.8377144,0.150503,0.52846927,0.04411441510439213,0.9558855848956078,0.14658802135546592,0.42893,0.7008951186564474,0.8010186707614826,0.9902241026459159,0.7,0.8,0.99,0.0,0.0,0.0,0.0,True
s0.70_a0.80_i0.99,harder_20_30_50,0.2,0.3,0.5,1.5241257926252147,1.0732864311360257,1.429000587691466,0.8755692,0.022843600000000006,0.49184268000000003,0.04406766089480532,0.9559323391051947,0.1572164508325032,0.35135,0.7008951186564474,0.8012628901074349,0.9901629033805891,0.7,0.8,0.99,0.0,0.0,0.0,0.0,True
s0.70_a0.80_i0.99,much_harder_10_20_70,0.1,0.2,0.7,1.5241257926252147,1.0732864311360257,1.429000587691466,0.9236644,-0.173435,0.4299696700000001,0.0441008722401219,0.9558991277598781,0.14623384519017307,0.217118,0.7032681115222769,0.8010970498064224,0.9900886318801108,0.7,0.8,0.99,0.0,0.0,0.0,0.0,True
s0.70_a0.85_i0.95,train_40_30_30,0.4,0.3,0.3,1.5241257926252147,3.430881292014941,0.8333374954823256,0.8205803999999999,0.27729419999999994,0.5761016099999999,0.07039392627618128,0.9296060737238188,0.1707585648954459,0.533982,0.7019608814162784,0.8502382622423815,0.9497597917489101,0.7,0.85,0.95,0.0,0.0,0.00024020825108983512,0.00024020825108983512,False
s0.70_a0.85_i0.95,easier_70_20_10,0.7,0.2,0.1,1.5241257926252147,3.430881292014941,0.8333374954823256,0.7563948,0.6108252,0.69088848,0.0701873798846893,0.9298126201153107,0.18490125737563137,0.781628,0.7015740723348534,0.8502311439797476,0.9496040123263269,0.7,0.85,0.95,0.0,0.0,0.00039598767367310383,0.00039598767367310383,False
s0.70_a0.85_i0.95,ambiguous_20_50_30,0.2,0.5,0.3,1.5241257926252147,3.430881292014941,0.8333374954823256,0.8504672000000001,0.1228386,0.52303433,0.07039392627618128,0.9296060737238188,0.13136860447472626,0.408606,0.7008951186564474,0.8502865765365846,0.9497597917489101,0.7,0.85,0.95,0.0,0.0,0.00024020825108983512,0.00024020825108983512,False
s0.70_a0.85_i0.95,harder_20_30_50,0.2,0.3,0.5,1.5241257926252147,3.430881292014941,0.8333374954823256,0.8702460000000001,0.018820200000000006,0.48710439,0.07019117205484937,0.9298088279451506,0.16174642635177128,0.347544,0.7008951186564474,0.850069458738091,0.949860264261447,0.7,0.85,0.95,0.0,0.0,0.00013973573855297072,0.00013973573855297072,False
s0.70_a0.85_i0.95,much_harder_10_20_70,0.1,0.2,0.7,1.5241257926252147,3.430881292014941,0.8333374954823256,0.9057604,-0.162082,0.4252313200000001,0.07002221339150173,0.9299777866084983,0.17670542843363163,0.223932,0.7032681115222769,0.8504510408430959,0.950150729894799,0.7,0.85,0.95,0.0,0.0,0.0,0.0,True
s0.70_a0.85_i0.98,train_40_30_30,0.4,0.3,0.3,1.5241257926252147,3.430881292014941,1.0285181621226884,0.8293923999999999,0.26924219999999993,0.57732481,0.05251906363424461,0.9474809363657554,0.1641575894698211,0.528614,0.7019608814162784,0.8502382622423815,0.9795206074575732,0.7,0.85,0.98,0.0,0.0,0.0004793925424267931,0.0004793925424267931,False
s0.70_a0.85_i0.98,easier_70_20_10,0.7,0.2,0.1,1.5241257926252147,3.430881292014941,1.0285181621226884,0.7592868,0.6081552,0.6912775800000001,0.052370275464445865,0.9476297245355542,0.18346908628348088,0.779848,0.7015740723348534,0.8502311439797476,0.9791778856171093,0.7,0.85,0.98,0.0,0.0,0.000822114382890704,0.000822114382890704,False
s0.70_a0.85_i0.98,ambiguous_20_50_30,0.2,0.5,0.3,1.5241257926252147,3.430881292014941,1.0285181621226884,0.8592792,0.1147866,0.52425753,0.05251906363424461,0.9474809363657554,0.12219086494824397,0.403238,0.7008951186564474,0.8502865765365846,0.9795206074575732,0.7,0.85,0.98,0.0,0.0,0.0004793925424267931,0.0004793925424267931,False
s0.70_a0.85_i0.98,harder_20_30_50,0.2,0.3,0.5,1.5241257926252147,3.430881292014941,1.0285181621226884,0.8851220000000001,0.005335200000000004,0.48921794,0.05219497547793014,0.9478050245220698,0.14407155136255959,0.338554,0.7008951186564474,0.850069458738091,0.9798334395473918,0.7,0.85,0.98,0.0,0.0,0.00016656045260821095,0.00016656045260821095,False
s0.70_a0.85_i0.98,much_harder_10_20_70,0.1,0.2,0.7,1.5241257926252147,3.430881292014941,1.0285181621226884,0.9262964,-0.180598,0.42819392000000006,0.05237729030930075,0.9476227096906993,0.13848611452445317,0.211588,0.7032681115222769,0.8504510408430959,0.9795477488636619,0.7,0.85,0.98,0.0,0.0,0.00045225113633806657,0.00045225113633806657,False
s0.70_a0.85_i0.99,train_40_30_30,0.4,0.3,0.3,1.5241257926252147,3.430881292014941,1.429000587691466,0.8325643999999999,0.2654562,0.5773657099999999,0.04411441510439213,0.9558855848956078,0.1619304681708453,0.52609,0.7019608814162784,0.8502382622423815,0.9902241026459159,0.7,0.85,0.99,0.0,0.0,0.0,0.0,True
s0.70_a0.85_i0.99,easier_70_20_10,0.7,0.2,0.1,1.5241257926252147,3.430881292014941,1.429000587691466,0.7603308000000001,0.6068412,0.6912604800000001,0.043601857783472135,0.9563981422165279,0.1830052941569145,0.778972,0.7015740723348534,0.8502311439797476,0.990328118949038,0.7,0.85,0.99,0.0,0.0,0.0,0.0,True
s0.70_a0.85_i0.99,ambiguous_20_50_30,0.2,0.5,0.3,1.5241257926252147,3.430881292014941,1.429000587691466,0.8624512000000001,0.1110006,0.52429843,0.04411441510439213,0.9558855848956078,0.11900258039399672,0.400714,0.7008951186564474,0.8502865765365846,0.9902241026459159,0.7,0.85,0.99,0.0,0.0,0.0,0.0,True
s0.70_a0.85_i0.99,harder_20_30_50,0.2,0.3,0.5,1.5241257926252147,3.430881292014941,1.429000587691466,0.8902740000000001,-0.0007547999999999961,0.48931104000000003,0.04406766089480532,0.9559323391051947,0.138119069400348,0.334494,0.7008951186564474,0.850069458738091,0.9901629033805891,0.7,0.85,0.99,0.0,0.0,0.0,0.0,True
s0.70_a0.85_i0.99,much_harder_10_20_70,0.1,0.2,0.7,1.5241257926252147,3.430881292014941,1.429000587691466,0.9336764000000001,-0.189283,0.42834467000000004,0.0441008722401219,0.9558991277598781,0.12445213267378692,0.205798,0.7032681115222769,0.8504510408430959,0.9900886318801108,0.7,0.85,0.99,0.0,0.0,0.0,0.0,True
s0.72_a0.80_i0.95,train_40_30_30,0.4,0.3,0.3,4.057761046187565,1.0732864311360257,0.8333374954823256,0.813989,0.2745602,0.5712460399999999,0.07039392627618128,0.9296060737238188,0.14494871103993442,0.527014,0.7220411517491446,0.8007612836776029,0.9497597917489101,0.72,0.8,0.95,0.0,0.0,0.00024020825108983512,0.00024020825108983512,False
s0.72_a0.80_i0.95,easier_70_20_10,0.7,0.2,0.1,4.057761046187565,1.0732864311360257,0.8333374954823256,0.760369,0.580662,0.6795008499999998,0.0701873798846893,0.9298126201153107,0.14528360648319444,0.751358,0.7215598449197979,0.8013955678012968,0.9496040123263269,0.72,0.8,0.95,0.0,0.0,0.00039598767367310383,0.00039598767367310383,False
s0.72_a0.80_i0.95,ambiguous_20_50_30,0.2,0.5,0.3,4.057761046187565,1.0732864311360257,0.8333374954823256,0.8297476000000001,0.14915539999999997,0.5234811100000001,0.07039392627618128,0.9296060737238188,0.13394874595164571,0.424864,0.7209407814365509,0.8010186707614826,0.9497597917489101,0.72,0.8,0.95,0.0,0.0,0.00024020825108983512,0.00024020825108983512,False
s0.72_a0.80_i0.95,harder_20_30_50,0.2,0.3,0.5,4.057761046187565,1.0732864311360257,0.8333374954823256,0.8595584000000001,0.029233,0.4859119700000001,0.07019117205484937,0.9298088279451506,0.15121353300684937,0.352442,0.7209407814365509,0.8012628901074349,0.949860264261447,0.72,0.8,0.95,0.0,0.0,0.00013973573855297072,0.00013973573855297072,False
s0.72_a0.80_i0.95,much_harder_10_20_70,0.1,0.2,0.7,4.057761046187565,1.0732864311360257,0.8333374954823256,0.8977306,-0.152852,0.42496843000000006,0.07002221339150173,0.9299777866084983,0.17309856820026,0.229222,0.7233655431553693,0.8010970498064224,0.950150729894799,0.72,0.8,0.95,0.0,0.0,0.0,0.0,True
s0.72_a0.80_i0.98,train_40_30_30,0.4,0.3,0.3,4.057761046187565,1.0732864311360257,1.0285181621226884,0.822801,0.2665082,0.57246924,0.05251906363424461,0.9474809363657554,0.13799396525613156,0.521646,0.7220411517491446,0.8007612836776029,0.9795206074575732,0.72,0.8,0.98,0.0,0.0,0.0004793925424267931,0.0004793925424267931,False
s0.72_a0.80_i0.98,easier_70_20_10,0.7,0.2,0.1,4.057761046187565,1.0732864311360257,1.0285181621226884,0.763261,0.577992,0.67988995,0.052370275464445865,0.9476297245355542,0.14369952159748553,0.749578,0.7215598449197979,0.8013955678012968,0.9791778856171093,0.72,0.8,0.98,0.0,0.0,0.000822114382890704,0.000822114382890704,False
s0.72_a0.80_i0.98,ambiguous_20_50_30,0.2,0.5,0.3,4.057761046187565,1.0732864311360257,1.0285181621226884,0.8385596000000001,0.14110339999999996,0.5247043100000001,0.05251906363424461,0.9474809363657554,0.12515971546808552,0.419496,0.7209407814365509,0.8010186707614826,0.9795206074575732,0.72,0.8,0.98,0.0,0.0,0.0004793925424267931,0.0004793925424267931,False
s0.72_a0.80_i0.98,harder_20_30_50,0.2,0.3,0.5,4.057761046187565,1.0732864311360257,1.0285181621226884,0.8744344000000001,0.015748000000000005,0.48802552000000005,0.05219497547793014,0.9478050245220698,0.13351501811024538,0.343452,0.7209407814365509,0.8012628901074349,0.9798334395473918,0.72,0.8,0.98,0.0,0.0,0.00016656045260821095,0.00016656045260821095,False
s0.72_a0.80_i0.98,much_harder_10_20_70,0.1,0.2,0.7,4.057761046187565,1.0732864311360257,1.0285181621226884,0.9182666,-0.171368,0.4279310300000001,0.05237729030930075,0.9476227096906993,0.1356061933437232,0.216878,0.7233655431553693,0.8010970498064224,0.9795477488636619,0.72,0.8,0.98,0.0,0.0,0.00045225113633806657,0.00045225113633806657,False
s0.72_a0.80_i0.99,train_40_30_30,0.4,0.3,0.3,4.057761046187565,1.0732864311360257,1.429000587691466,0.825973,0.26272219999999996,0.57251014,0.04411441510439213,0.9558855848956078,0.1356097410627945,0.519122,0.7220411517491446,0.8007612836776029,0.9902241026459159,0.72,0.8,0.99,0.0,0.0,0.0,0.0,True
s0.72_a0.80_i0.99,easier_70_20_10,0.7,0.2,0.1,4.057761046187565,1.0732864311360257,1.429000587691466,0.764305,0.576678,0.6798728500000001,0.043601857783472135,0.9563981422165279,0.1431704469869187,0.748702,0.7215598449197979,0.8013955678012968,0.990328118949038,0.72,0.8,0.99,0.0,0.0,0.0,0.0,True
s0.72_a0.80_i0.99,ambiguous_20_50_30,0.2,0.5,0.3,4.057761046187565,1.0732864311360257,1.429000587691466,0.8417316000000001,0.13731739999999998,0.52474521,0.04411441510439213,0.9558855848956078,0.12211371506959699,0.416972,0.7209407814365509,0.8010186707614826,0.9902241026459159,0.72,0.8,0.99,0.0,0.0,0.0,0.0,True
s0.72_a0.80_i0.99,harder_20_30_50,0.2,0.3,0.5,4.057761046187565,1.0732864311360257,1.429000587691466,0.8795864,0.009658000000000003,0.48811862,0.04406766089480532,0.9559323391051947,0.1275221572694701,0.339392,0.7209407814365509,0.8012628901074349,0.9901629033805891,0.72,0.8,0.99,0.0,0.0,0.0,0.0,True
s0.72_a0.80_i0.99,much_harder_10_20_70,0.1,0.2,0.7,4.057761046187565,1.0732864311360257,1.429000587691466,0.9256466000000001,-0.180053,0.4280817800000001,0.0441008722401219,0.9558991277598781,0.12184491775941787,0.211088,0.7233655431553693,0.8010970498064224,0.9900886318801108,0.72,0.8,0.99,0.0,0.0,0.0,0.0,True
s0.72_a0.85_i0.95,train_40_30_30,0.4,0.3,0.3,4.057761046187565,3.430881292014941,0.8333374954823256,0.8287566000000001,0.2508974,0.5687199599999999,0.07039392627618128,0.9296060737238188,0.13196317671413338,0.510112,0.7220411517491446,0.8502382622423815,0.9497597917489101,0.72,0.85,0.95,0.0,0.0,0.00024020825108983512,0.00024020825108983512,False
s0.72_a0.85_i0.95,easier_70_20_10,0.7,0.2,0.1,4.057761046187565,3.430881292014941,0.8333374954823256,0.7704494,0.5648728000000001,0.67793993,0.0701873798846893,0.9298126201153107,0.13916333369365474,0.74008,0.7215598449197979,0.8502311439797476,0.9496040123263269,0.72,0.85,0.95,0.0,0.0,0.00039598767367310383,0.00039598767367310383,False
s0.72_a0.85_i0.95,ambiguous_20_50_30,0.2,0.5,0.3,4.057761046187565,3.430881292014941,0.8333374954823256,0.8544844000000001,0.109653,0.5193102700000001,0.07039392627618128,0.9296060737238188,0.10518142030213186,0.396648,0.7209407814365509,0.8502865765365846,0.9497597917489101,0.72,0.85,0.95,0.0,0.0,0.00024020825108983512,0.00024020825108983512,False
s0.72_a0.85_i0.95,harder_20_30_50,0.2,0.3,0.5,4.057761046187565,3.430881292014941,0.8333374954823256,0.8742632,0.005634600000000004,0.48338033,0.07019117205484937,0.9298088279451506,0.13187677674277234,0.335586,0.7209407814365509,0.850069458738091,0.949860264261447,0.72,0.85,0.95,0.0,0.0,0.00013973573855297072,0.00013973573855297072,False
s0.72_a0.85_i0.95,much_harder_10_20_70,0.1,0.2,0.7,4.057761046187565,3.430881292014941,0.8333374954823256,0.9077426,-0.1687,0.4233434300000001,0.07002221339150173,0.9299777866084983,0.15392240548503455,0.217902,0.7233655431553693,0.8504510408430959,0.950150729894799,0.72,0.85,0.95,0.0,0.0,0.0,0.0,True
s0.72_a0.85_i0.98,train_40_30_30,0.4,0.3,0.3,4.057761046187565,3.430881292014941,1.0285181621226884,0.8375686000000001,0.2428454,0.5699431599999999,0.05251906363424461,0.9474809363657554,0.12463743996956873,0.504744,0.7220411517491446,0.8502382622423815,0.9795206074575732,0.72,0.85,0.98,0.0,0.0,0.0004793925424267931,0.0004793925424267931,False
s0.72_a0.85_i0.98,easier_70_20_10,0.7,0.2,0.1,4.057761046187565,3.430881292014941,1.0285181621226884,0.7733414,0.5622028,0.67832903,0.052370275464445865,0.9476297245355542,0.13754029527292427,0.7383,0.7215598449197979,0.8502311439797476,0.9791778856171093,0.72,0.85,0.98,0.0,0.0,0.000822114382890704,0.000822114382890704,False
s0.72_a0.85_i0.98,ambiguous_20_50_30,0.2,0.5,0.3,4.057761046187565,3.430881292014941,1.0285181621226884,0.8632964000000002,0.101601,0.5205334699999999,0.05251906363424461,0.9474809363657554,0.09536393375587815,0.39128,0.7209407814365509,0.8502865765365846,0.9795206074575732,0.72,0.85,0.98,0.0,0.0,0.0004793925424267931,0.0004793925424267931,False
s0.72_a0.85_i0.98,harder_20_30_50,0.2,0.3,0.5,4.057761046187565,3.430881292014941,1.0285181621226884,0.8891392,-0.007850399999999993,0.48549388,0.05219497547793014,0.9478050245220698,0.11273255030680106,0.326596,0.7209407814365509,0.850069458738091,0.9798334395473918,0.72,0.85,0.98,0.0,0.0,0.00016656045260821095,0.00016656045260821095,False
s0.72_a0.85_i0.98,much_harder_10_20_70,0.1,0.2,0.7,4.057761046187565,3.430881292014941,1.0285181621226884,0.9282786,-0.187216,0.42630603,0.05237729030930075,0.9476227096906993,0.11321378880899795,0.205558,0.7233655431553693,0.8504510408430959,0.9795477488636619,0.72,0.85,0.98,0.0,0.0,0.00045225113633806657,0.00045225113633806657,False
s0.72_a0.85_i0.99,train_40_30_30,0.4,0.3,0.3,4.057761046187565,3.430881292014941,1.429000587691466,0.8407406000000001,0.2390594,0.5699840599999999,0.04411441510439213,0.9558855848956078,0.12210585002588507,0.50222,0.7220411517491446,0.8502382622423815,0.9902241026459159,0.72,0.85,0.99,0.0,0.0,0.0,0.0,True
s0.72_a0.85_i0.99,easier_70_20_10,0.7,0.2,0.1,4.057761046187565,3.430881292014941,1.429000587691466,0.7743853999999999,0.5608888000000001,0.6783119299999999,0.043601857783472135,0.9563981422165279,0.13699581244982534,0.737424,0.7215598449197979,0.8502311439797476,0.990328118949038,0.72,0.85,0.99,0.0,0.0,0.0,0.0,True
s0.72_a0.85_i0.99,ambiguous_20_50_30,0.2,0.5,0.3,4.057761046187565,3.430881292014941,1.429000587691466,0.8664684000000001,0.097815,0.52057437,0.04411441510439213,0.9558855848956078,0.09190340470629392,0.388756,0.7209407814365509,0.8502865765365846,0.9902241026459159,0.72,0.85,0.99,0.0,0.0,0.0,0.0,True
s0.72_a0.85_i0.99,harder_20_30_50,0.2,0.3,0.5,4.057761046187565,3.430881292014941,1.429000587691466,0.8942912000000001,-0.013940399999999995,0.4855869800000001,0.04406766089480532,0.9559323391051947,0.10616489322122181,0.322536,0.7209407814365509,0.850069458738091,0.9901629033805891,0.72,0.85,0.99,0.0,0.0,0.0,0.0,True
s0.72_a0.85_i0.99,much_harder_10_20_70,0.1,0.2,0.7,4.057761046187565,3.430881292014941,1.429000587691466,0.9356586,-0.195901,0.42645678000000004,0.0441008722401219,0.9558991277598781,0.09802370750070082,0.199768,0.7233655431553693,0.8504510408430959,0.9900886318801108,0.72,0.85,0.99,0.0,0.0,0.0,0.0,True
