target_label,target_sufficient,target_ambiguous,target_insufficient,deployment_count,deployments_all_floors_met,worst_category_undershoot,mean_epistemic_utility,easier_epistemic_utility,easier_max_undershoot,easier_all_floors_met
s0.70_a0.80_i0.95,0.7,0.8,0.95,5,5,0.0,0.82636412,0.7465566,0.0,True
s0.70_a0.80_i0.98,0.7,0.8,0.98,5,4,0.0002407737235876617,0.8374425200000001,0.7494206,0.0,True
s0.70_a0.80_i0.99,0.7,0.8,0.99,5,5,0.0,0.8415305200000001,0.7504966,0.0,True
s0.70_a0.85_i0.95,0.7,0.85,0.95,5,5,0.0,0.8410010800000001,0.7564562,0.0,True
s0.70_a0.85_i0.98,0.7,0.85,0.98,5,4,0.0002407737235876617,0.8520794800000001,0.7593202000000001,0.0,True
s0.70_a0.85_i0.99,0.7,0.85,0.99,5,5,0.0,0.8561674799999999,0.7603962000000001,0.0,True
s0.72_a0.80_i0.95,0.72,0.8,0.95,5,5,0.0,0.83288408,0.7607746000000001,0.0,True
s0.72_a0.80_i0.98,0.72,0.8,0.98,5,4,0.0002407737235876617,0.8439624799999998,0.7636386000000001,0.0,True
s0.72_a0.80_i0.99,0.72,0.8,0.99,5,5,0.0,0.84805048,0.7647146000000001,0.0,True
s0.72_a0.85_i0.95,0.72,0.85,0.95,5,5,0.0,0.84752104,0.7706742000000001,0.0,True
s0.72_a0.85_i0.98,0.72,0.85,0.98,5,4,0.0002407737235876617,0.8585994400000001,0.7735382000000001,0.0,True
s0.72_a0.85_i0.99,0.72,0.85,0.99,5,5,0.0,0.86268744,0.7746142,0.0,True
