epistemic_utility,smoothness_utility,aggregate_scalar_reward,unsupported_certainty_rate,calibrated_abstention_rate,selective_risk,coverage,ece,tau,seed,final_lambda
0.43333333333333335,0.6083333333333333,0.5120833333333334,0.08560311284046693,0.914396887159533,0.38345864661654133,0.7388888888888889,0.3329504304058782,0.0,0,1.4538266225961542
-0.13333333333333333,1.0,0.37666666666666665,1.0,0.0,0.5666666666666667,1.0,0.560457686693403,0.0,1,1.139711538461538
-0.03777777777777778,1.0,0.4292222222222222,1.0,0.0,0.5188888888888888,1.0,0.5132952678724025,0.0,2,1.3740399639423058
-0.06666666666666667,1.0,0.41333333333333333,1.0,0.0,0.5333333333333333,1.0,0.5283986126573346,0.0,3,0.6965384615384612
-0.10222222222222223,1.0,0.3937777777777777,1.0,0.0,0.5511111111111111,1.0,0.5316176431259226,0.0,4,1.6764978966346151
-0.08888888888888889,1.0,0.4011111111111111,1.0,0.0,0.5444444444444444,1.0,0.5381307442043982,0.0,5,0.8692503004807707
-0.09777777777777778,1.0,0.39622222222222225,1.0,0.0,0.5488888888888889,1.0,0.5430033337112526,0.0,6,1.2759194711538466
-0.12444444444444444,1.0,0.38155555555555554,1.0,0.0,0.5622222222222222,1.0,0.5542187031900319,0.0,7,1.3160817307692314
-0.07111111111111111,1.0,0.4108888888888889,1.0,0.0,0.5355555555555556,1.0,0.5219837143954911,0.0,8,0.25183743990384433
-0.06444444444444444,1.0,0.41455555555555557,1.0,0.0,0.5322222222222223,1.0,0.5262096356665796,0.0,9,0.935817307692308
-0.09333333333333334,1.0,0.3986666666666666,1.0,0.0,0.5466666666666666,1.0,0.5238579796303366,0.0,10,1.595856370192307
-0.035555555555555556,1.0,0.43044444444444446,1.0,0.0,0.5177777777777778,1.0,0.5128632927135003,0.0,11,0.3551682692307692
-0.1,1.0,0.395,1.0,0.0,0.55,1.0,0.5415391502536296,0.0,12,1.3296634615384628
-0.10222222222222223,1.0,0.3937777777777777,1.0,0.0,0.5511111111111111,1.0,0.5453309900735341,0.0,13,0.4890459735576921
-0.04,1.0,0.42800000000000005,1.0,0.0,0.52,1.0,0.5041222603873363,0.0,14,1.5554897836538473
-0.13111111111111112,0.995,0.37563888888888886,0.9894366197183099,0.01056338028169014,0.5674470457079153,0.9966666666666667,0.5290950949728752,0.0,15,1.626624098557692
-0.06,1.0,0.4170000000000001,1.0,0.0,0.53,1.0,0.5224326430706132,0.0,16,1.3196950120192312
-0.1,1.0,0.395,1.0,0.0,0.55,1.0,0.5447742344256165,0.0,17,0.6048813100961538
-0.044444444444444446,1.0,0.4255555555555556,1.0,0.0,0.5222222222222223,1.0,0.5170722083682462,0.0,18,1.2858188100961523
-0.11777777777777777,1.0,0.3852222222222223,1.0,0.0,0.5588888888888889,1.0,0.5414370636622265,0.0,19,1.5054131610576913
-0.08888888888888889,1.0,0.4011111111111111,1.0,0.0,0.5444444444444444,1.0,0.538911225424621,0.0,20,1.0518765024038468
0.42877777777777776,0.5783333333333334,0.4960777777777778,0.07063197026022305,0.929368029739777,0.3956723338485317,0.7188888888888889,0.32924945318318455,0.0,21,1.3982061298076924
-0.09777777777777778,1.0,0.39622222222222225,1.0,0.0,0.5488888888888889,1.0,0.5395342575159656,0.0,22,1.4047475961538465
-0.08444444444444445,1.0,0.40355555555555556,1.0,0.0,0.5422222222222223,1.0,0.5376256626871737,0.0,23,0.8862530048076924
-0.11777777777777777,1.0,0.3852222222222222,1.0,0.0,0.5588888888888889,1.0,0.5541425603261805,0.0,24,0.7953290264423076
-0.03777777777777778,1.0,0.4292222222222222,1.0,0.0,0.5188888888888888,1.0,0.5131638609190238,0.0,25,1.1095027043269223
-0.04,1.0,0.42800000000000005,1.0,0.0,0.52,1.0,0.5151857048929219,0.0,26,0.9277118389423082
-0.042222222222222223,1.0,0.4267777777777778,1.0,0.0,0.5211111111111111,1.0,0.515497041557546,0.0,27,1.3132286658653851
-0.03333333333333333,1.0,0.43166666666666664,1.0,0.0,0.5166666666666667,1.0,0.511867582444014,0.0,28,0.9816932091346153
-0.03111111111111111,1.0,0.43288888888888893,1.0,0.0,0.5155555555555555,1.0,0.5107936164374478,0.0,29,0.5252118389423075
-0.08888888888888889,1.0,0.4011111111111111,1.0,0.0,0.5444444444444444,1.0,0.5246781797085467,0.1,0,1.1630078124999992
-0.13333333333333333,1.0,0.37666666666666665,1.0,0.0,0.5666666666666667,1.0,0.5437584204379731,0.1,1,0.3820612980769209
-0.03777777777777778,1.0,0.4292222222222222,1.0,0.0,0.5188888888888888,1.0,0.5062405658522099,0.1,2,0.6258443509615383
-0.022222222222222223,0.9666666666666667,0.42277777777777775,0.9239543726235742,0.07604562737642585,0.5227272727272727,0.9777777777777777,0.4765381644759983,0.1,3,0.1859735576923082
-0.10222222222222223,1.0,0.3937777777777777,1.0,0.0,0.5511111111111111,1.0,0.5365233746281131,0.1,4,0.5539843750000006
0.2886666666666667,0.7167777777777778,0.4813166666666667,0.37174721189591076,0.6282527881040892,0.4383561643835616,0.8111111111111111,0.3874588196481833,0.1,5,0.13987980769230932
-0.09111111111111111,0.995,0.3976388888888889,0.9881422924901185,0.011857707509881422,0.5473801560758083,0.9966666666666667,0.5240552096521622,0.1,6,0.2278981370192314
-0.12444444444444444,1.0,0.38155555555555554,1.0,0.0,0.5622222222222222,1.0,0.540044480309181,0.1,7,0.2523707932692334
-0.057777777777777775,0.99,0.41372222222222227,0.9773584905660377,0.022641509433962263,0.5324384787472036,0.9933333333333333,0.49752513409821186,0.1,8,1.262175480769231
0.057777777777777775,0.9083333333333333,0.4405277777777778,0.7977941176470589,0.20220588235294118,0.5017751479289941,0.9388888888888889,0.4413081948480442,0.1,9,0.19171874999999838
-0.08666666666666667,0.995,0.4000833333333334,0.9891304347826086,0.010869565217391304,0.5451505016722408,0.9966666666666667,0.5174559129969445,0.1,10,0.23914212740384577
0.5188888888888888,0.5838888888888889,0.548138888888889,0.06130268199233716,0.9386973180076629,0.3323076923076923,0.7222222222222222,0.2812547640894817,0.1,11,1.3452253605769227
-0.1,1.0,0.395,1.0,0.0,0.55,1.0,0.5308711192825594,0.1,12,0.21705528846154
0.4968888888888889,0.5471111111111111,0.519488888888889,0.04964539007092199,0.950354609929078,0.35987261146496813,0.6977777777777778,0.30185303488285864,0.1,13,1.010446213942309
-0.03777777777777778,0.9983333333333333,0.4284722222222222,0.9961685823754789,0.0038314176245210726,0.5194660734149055,0.9988888888888889,0.5020172240113421,0.1,14,0.5208939302884587
-0.13333333333333333,0.9966666666666667,0.37516666666666665,0.9929577464788732,0.007042253521126761,0.5679287305122495,0.9977777777777778,0.5449648894048008,0.1,15,0.7884540264423062
-0.06,1.0,0.4170000000000001,1.0,0.0,0.53,1.0,0.5033296225945082,0.1,16,0.17769080528846073
-0.09555555555555556,0.9966666666666667,0.3959444444444445,0.992619926199262,0.007380073800738007,0.5489977728285078,0.9977777777777778,0.5154576996113749,0.1,17,0.4015970552884611
-0.044444444444444446,1.0,0.4255555555555556,1.0,0.0,0.5222222222222223,1.0,0.5078452089108483,0.1,18,0.4862860576923055
-0.11777777777777777,1.0,0.3852222222222223,1.0,0.0,0.5588888888888889,1.0,0.542325154303293,0.1,19,0.6122040264423075
0.18844444444444444,0.791888888888889,0.45999444444444454,0.5669014084507042,0.43309859154929575,0.47096774193548385,0.8611111111111112,0.3981550933807847,0.1,20,0.12541015624999755
-0.11555555555555555,0.9916666666666667,0.38269444444444445,0.9814126394052045,0.01858736059479554,0.5608938547486033,0.9944444444444445,0.5239072823353905,0.1,21,1.2311673677884611
-0.09555555555555556,0.9983333333333333,0.39669444444444446,0.9961832061068703,0.003816793893129771,0.5483870967741935,0.9988888888888889,0.531262351235171,0.1,22,0.7308158052884614
0.03333333333333333,0.9116666666666666,0.42858333333333337,0.8,0.2,0.51357733175915,0.9411111111111111,0.44880440585964476,0.1,23,0.11234224759615487
0.3417777777777778,0.6552222222222223,0.48282777777777786,0.24632352941176472,0.7536764705882353,0.42712842712842713,0.77,0.36822884181910587,0.1,24,0.2607346754807688
0.051111111111111114,0.9333333333333333,0.4481111111111111,0.8484848484848485,0.15151515151515152,0.4965116279069767,0.9555555555555556,0.43408960169106636,0.1,25,0.12924729567307522
-0.04,1.0,0.42800000000000005,1.0,0.0,0.52,1.0,0.502822198071211,0.1,26,0.44961087740384825
-0.04,0.9983333333333333,0.42725,0.9957264957264957,0.004273504273504274,0.5205784204671857,0.9988888888888889,0.5058149500278555,0.1,27,0.7140024038461529
-0.028888888888888888,0.9966666666666667,0.4326111111111111,0.991869918699187,0.008130081300813009,0.5155902004454342,0.9977777777777778,0.4903938681637747,0.1,28,0.2726412259615375
0.06888888888888889,0.925,0.4541388888888889,0.8288973384030418,0.17110266159695817,0.49005847953216375,0.95,0.4246039652934055,0.1,29,1.619788161057692
-0.08,0.9933333333333333,0.403,0.9844357976653697,0.01556420233463035,0.5424107142857143,0.9955555555555555,0.51011592110424,0.2,0,0.6988206129807685
-0.09111111111111111,0.9683333333333334,0.38563888888888886,0.934931506849315,0.06506849315068493,0.5573212258796821,0.9788888888888889,0.5095471366440057,0.2,1,0.523084435096157
-0.013333333333333334,0.9816666666666667,0.4344166666666667,0.9597069597069597,0.040293040293040296,0.5129358830146231,0.9877777777777778,0.471269869460197,0.2,2,0.5420898437500027
0.06222222222222222,0.9033333333333333,0.4407222222222222,0.779467680608365,0.22053231939163498,0.501187648456057,0.9355555555555556,0.4417952107347446,0.2,3,0.2743479567307678
-0.02666666666666667,0.9433333333333334,0.4098333333333334,0.8687258687258688,0.13127413127413126,0.5334872979214781,0.9622222222222222,0.4823907664634238,0.2,4,1.0603425480769224
0.3151111111111111,0.6968888888888889,0.48691111111111113,0.3308550185873606,0.6691449814126395,0.42896935933147634,0.7977777777777778,0.38005753442597856,0.2,5,0.21660456730768984
-0.07555555555555556,0.9833333333333333,0.4009444444444445,0.9604743083003953,0.039525691699604744,0.5438202247191011,0.9888888888888889,0.5089773828438163,0.2,6,0.4895582932692313
-0.1,0.9816666666666667,0.38675000000000004,0.9586466165413534,0.041353383458646614,0.5568053993250843,0.9877777777777778,0.5162664677580526,0.2,7,0.4278530649038469
0.017777777777777778,0.9333333333333333,0.4297777777777778,0.8490566037735849,0.1509433962264151,0.513953488372093,0.9555555555555556,0.4590982285131624,0.2,8,1.0799759615384616
0.1288888888888889,0.855,0.4556388888888889,0.6801470588235294,0.31985294117647056,0.4821648216482165,0.9033333333333333,0.4228278502769347,0.2,9,0.2795898437500043
-0.07333333333333333,0.985,0.40291666666666676,0.967391304347826,0.03260869565217391,0.5420875420875421,0.99,0.5056199423495545,0.2,10,0.6697280649038451
0.5355555555555556,0.5694444444444444,0.5508055555555555,0.04597701149425287,0.9540229885057471,0.3244929797191888,0.7122222222222222,0.2793119974133186,0.2,11,0.8963221153846139
-0.09333333333333334,0.995,0.3964166666666667,0.9885931558935361,0.011406844106463879,0.5484949832775919,0.9966666666666667,0.5185578460211184,0.2,12,0.8763010817307709
-0.06222222222222222,0.97,0.4022777777777778,0.9361702127659575,0.06382978723404255,0.5419501133786848,0.98,0.49598998354368307,0.2,13,0.4934359975961548
-0.015555555555555555,0.9816666666666667,0.43319444444444444,0.9578544061302682,0.0421455938697318,0.5140607424071991,0.9877777777777778,0.4749253182382559,0.2,14,0.6178140024038474
-0.09133333333333334,0.9651111111111111,0.3840666666666666,0.9295774647887324,0.07042253521126761,0.558589306029579,0.9766666666666667,0.512677970688039,0.2,15,0.933490084134617
-0.051111111111111114,0.9933333333333333,0.41888888888888887,0.9851301115241635,0.01486988847583643,0.5279017857142857,0.9955555555555555,0.49456493582949446,0.2,16,0.4857767427884624
-0.022222222222222223,0.9416666666666667,0.41152777777777777,0.8708487084870848,0.12915129151291513,0.5317919075144508,0.9611111111111111,0.48221056517794464,0.2,17,0.45791165865384553
-0.0044444444444444444,0.97,0.4340555555555556,0.9340659340659341,0.06593406593406594,0.5124716553287982,0.98,0.46507651407989986,0.2,18,1.0704642427884594
-0.09555555555555556,0.9833333333333333,0.3899444444444445,0.9635036496350365,0.0364963503649635,0.553932584269663,0.9888888888888889,0.5172648486426696,0.2,19,0.624945913461538
-0.06466666666666666,0.9817777777777777,0.40623333333333334,0.9647887323943662,0.035211267605633804,0.5388076490438695,0.9877777777777778,0.4977321987778862,0.2,20,0.5452343749999996
0.19755555555555557,0.7567777777777778,0.44920555555555564,0.46096654275092935,0.5390334572490706,0.47877984084880637,0.8377777777777777,0.41707377519809335,0.2,21,1.1413792067307704
-0.07777777777777778,0.985,0.40047222222222223,0.9656488549618321,0.03435114503816794,0.5443322109988776,0.99,0.5121978939217611,0.2,22,0.6208263221153868
-0.06444444444444444,0.985,0.40780555555555553,0.9660377358490566,0.033962264150943396,0.5375982042648709,0.99,0.49959676413051396,0.2,23,0.5226292067307685
0.5202222222222223,0.5143333333333333,0.5175722222222223,0.0625,0.9375,0.34983498349834985,0.6733333333333333,0.2816236853857109,0.2,24,0.955018028846153
-0.028888888888888888,0.9933333333333333,0.4311111111111111,0.9848484848484849,0.015151515151515152,0.5167410714285714,0.9955555555555555,0.49042999964838246,0.2,25,0.6795973557692337
-0.028888888888888888,0.9916666666666667,0.4303611111111111,0.9803921568627451,0.0196078431372549,0.5173184357541899,0.9944444444444445,0.4849160533458716,0.2,26,0.5843930288461552
-0.011111111111111112,0.9766666666666667,0.4333888888888889,0.9401709401709402,0.05982905982905983,0.5135440180586908,0.9844444444444445,0.4790428446557047,0.2,27,0.8922415865384625
-0.0044444444444444444,0.9783333333333334,0.4378055555555555,0.9471544715447154,0.052845528455284556,0.5095828635851184,0.9855555555555555,0.46527354132532045,0.2,28,0.3928170072115385
0.4666666666666667,0.6266666666666667,0.5386666666666667,0.1482889733840304,0.8517110266159695,0.35502958579881655,0.7511111111111111,0.3232833541809542,0.2,29,0.4459525240384619
0.4288888888888889,0.6116666666666667,0.5111388888888889,0.0933852140077821,0.9066147859922179,0.3853073463268366,0.7411111111111112,0.35512037364987437,0.3,0,0.7605183293269234
0.45,0.5622222222222222,0.5005000000000001,0.11643835616438356,0.8835616438356164,0.3877551020408163,0.7077777777777777,0.3469367119238431,0.3,1,0.868257211538458
0.4931111111111111,0.6017777777777779,0.5420111111111112,0.1282051282051282,0.8717948717948718,0.34493192133131617,0.7344444444444445,0.31390186084956084,0.3,2,1.002857572115385
0.33555555555555555,0.6983333333333334,0.4988055555555556,0.311787072243346,0.688212927756654,0.41585535465924894,0.7988888888888889,0.3691039471033615,0.3,3,1.1556715745192316
0.4086666666666667,0.6134444444444445,0.5008166666666667,0.10810810810810811,0.8918918918918919,0.39820359281437123,0.7422222222222222,0.35600346446575504,0.3,4,0.8204642427884622
0.2971111111111111,0.7103333333333333,0.4830611111111111,0.3643122676579926,0.6356877323420075,0.43526170798898073,0.8066666666666666,0.3887449468601295,0.3,5,1.1318359374999996
0.38155555555555554,0.6403333333333333,0.4980055555555556,0.15810276679841898,0.841897233201581,0.4064327485380117,0.76,0.3647261257256112,0.3,6,0.9151442307692269
0.4215555555555555,0.5853333333333333,0.4952555555555556,0.07518796992481203,0.924812030075188,0.39938556067588327,0.7233333333333334,0.3604523477539415,0.3,7,0.7736343149038473
0.4804444444444444,0.5858888888888888,0.5278944444444444,0.09056603773584905,0.909433962264151,0.3579109062980031,0.7233333333333334,0.30958437731993693,0.3,8,0.7259044471153846
0.4882222222222222,0.5853333333333333,0.5319222222222223,0.09558823529411764,0.9044117647058824,0.3533026113671275,0.7233333333333334,0.3136099173580308,0.3,9,0.9828981370192319
0.49688888888888894,0.5565555555555556,0.523738888888889,0.08333333333333333,0.9166666666666666,0.35545023696682465,0.7033333333333334,0.3112306865977649,0.3,10,1.0716075721153828
0.27044444444444443,0.7703333333333333,0.49539444444444447,0.4827586206896552,0.5172413793103449,0.4304461942257218,0.8466666666666667,0.3758744134509947,0.3,11,1.1742908653846158
0.47244444444444444,0.5682222222222222,0.5155444444444445,0.06463878326996197,0.935361216730038,0.36875,0.7111111111111111,0.32094557422262815,0.3,12,0.7684900841346153
0.4528888888888889,0.5818888888888889,0.5109388888888889,0.11702127659574468,0.8829787234042553,0.3790446841294299,0.7211111111111111,0.3467859720832748,0.3,13,0.7110381610576899
0.5148888888888888,0.5831111111111111,0.545588888888889,0.08812260536398467,0.9118773946360154,0.33436055469953774,0.7211111111111111,0.2926612975194336,0.3,14,0.9254131610576931
0.47466666666666674,0.5365555555555556,0.5025166666666667,0.06690140845070422,0.9330985915492958,0.3784219001610306,0.69,0.33255461840495243,0.3,15,0.6267262620192277
0.5226666666666666,0.5625555555555556,0.5406166666666667,0.05204460966542751,0.9479553903345725,0.3359497645211931,0.7077777777777777,0.2976026073370346,0.3,16,0.7446649639423049
0.4315555555555555,0.6008888888888888,0.5077555555555556,0.14391143911439114,0.8560885608856088,0.38636363636363635,0.7333333333333333,0.3362512556200358,0.3,17,0.7706790865384625
0.43555555555555553,0.64,0.5275555555555557,0.2087912087912088,0.7912087912087912,0.3713450292397661,0.76,0.33104795677541854,0.3,18,0.6405003004807659
0.42377777777777775,0.5903333333333333,0.4987277777777778,0.11313868613138686,0.8868613138686131,0.39602446483180426,0.7266666666666667,0.3543071546217724,0.3,19,0.9166090745192321
0.48488888888888887,0.5675555555555556,0.5220888888888889,0.11267605633802817,0.8873239436619719,0.3609375,0.7111111111111111,0.326000171960532,0.3,20,0.7252283653846134
0.3893333333333333,0.6125555555555555,0.4897833333333334,0.16356877323420074,0.8364312267657993,0.4107946026986507,0.7411111111111112,0.36704270518312065,0.3,21,0.612291165865384
0.43,0.6038888888888889,0.5082500000000001,0.11068702290076336,0.8893129770992366,0.3867069486404834,0.7355555555555555,0.3430463673899672,0.3,22,0.779776141826922
0.44422222222222224,0.6034444444444444,0.5158722222222223,0.10566037735849057,0.8943396226415095,0.3776435045317221,0.7355555555555555,0.34312601643029833,0.3,23,0.7496890024038473
0.3706666666666667,0.6318888888888889,0.4882166666666668,0.1948529411764706,0.8051470588235294,0.4167893961708395,0.7544444444444445,0.37503516769020717,0.3,24,0.9456505408653847
0.44866666666666666,0.6351111111111112,0.5325666666666667,0.17424242424242425,0.8257575757575758,0.3641703377386197,0.7566666666666667,0.3283200718944703,0.3,25,0.8237409855769219
0.5082222222222222,0.5842222222222222,0.5424222222222223,0.10588235294117647,0.8941176470588236,0.337442218798151,0.7211111111111111,0.28449181207734475,0.3,26,0.8037980769230767
0.45488888888888895,0.6236666666666666,0.530838888888889,0.04700854700854701,0.9529914529914529,0.36350148367952523,0.7488888888888889,0.33113262548094635,0.3,27,0.8186748798076933
0.4897777777777777,0.605111111111111,0.5416777777777778,0.0975609756097561,0.9024390243902439,0.34441087613293053,0.7355555555555555,0.30133088014209797,0.3,28,0.9124549278846138
0.4311111111111111,0.6533333333333333,0.5311111111111112,0.20912547528517111,0.7908745247148289,0.3699421965317919,0.7688888888888888,0.33425106662788023,0.3,29,0.9635186298076912
0.4102222222222222,0.6254444444444445,0.5070722222222223,0.14007782101167315,0.8599221789883269,0.3925925925925926,0.75,0.3576231120401788,0.4,0,0.8911808894230746
0.45688888888888896,0.5565555555555556,0.501738888888889,0.13356164383561644,0.8664383561643836,0.38388625592417064,0.7033333333333334,0.3411073947237877,0.4,1,1.0298227163461549
0.3237777777777778,0.7286666666666666,0.5059777777777777,0.4139194139194139,0.5860805860805861,0.412483039348711,0.8188888888888889,0.35621187594017417,0.4,2,0.9056234975961568
0.47311111111111104,0.5945555555555556,0.5277611111111111,0.11406844106463879,0.8859315589353612,0.3597560975609756,0.7288888888888889,0.3152090452108754,0.4,3,0.9538912259615362
0.41400000000000003,0.6118888888888889,0.50305,0.16216216216216217,0.8378378378378378,0.3933933933933934,0.74,0.3408908355251395,0.4,4,0.9681520432692291
0.462,0.5845555555555556,0.51715,0.11152416356877323,0.8884758364312267,0.3707692307692308,0.7222222222222222,0.32467771837974313,0.4,5,1.0598858173076922
0.41044444444444445,0.6181111111111111,0.5038944444444445,0.1422924901185771,0.857707509881423,0.3940298507462687,0.7444444444444445,0.34271841101209893,0.4,6,0.9484705528846172
0.42511111111111105,0.584111111111111,0.49666111111111116,0.08646616541353383,0.9135338345864662,0.39692307692307693,0.7222222222222222,0.3554054426554642,0.4,7,0.9178936298076933
0.4842222222222222,0.5823333333333334,0.5283722222222221,0.12830188679245283,0.8716981132075472,0.3549382716049383,0.72,0.3072183226848745,0.4,8,0.9503725961538497
0.42377777777777775,0.6336666666666666,0.5182277777777778,0.20220588235294118,0.7977941176470589,0.38088235294117645,0.7555555555555555,0.33755476223078956,0.4,9,0.8957181490384638
0.42844444444444446,0.6080000000000001,0.5092444444444445,0.18840579710144928,0.8115942028985508,0.3855421686746988,0.7377777777777778,0.33641352772640243,0.4,10,0.967558593750001
0.5868888888888889,0.531,0.5617388888888889,0.06130268199233716,0.9386973180076629,0.29545454545454547,0.6844444444444444,0.24960243055478842,0.4,11,0.9086523437499986
0.47377777777777774,0.5670000000000001,0.5157277777777779,0.07604562737642585,0.9239543726235742,0.3677621283255086,0.71,0.3207069159897339,0.4,12,0.8211087740384583
0.4804444444444444,0.5608888888888889,0.5166444444444445,0.09219858156028368,0.9078014184397163,0.3663522012578616,0.7066666666666667,0.32680545356849366,0.4,13,0.7527914663461562
0.49444444444444446,0.5983333333333334,0.5411944444444445,0.13026819923371646,0.8697318007662835,0.3434650455927052,0.7311111111111112,0.30050492745160334,0.4,14,0.9319290865384624
0.5148888888888888,0.5053333333333333,0.510588888888889,0.06338028169014084,0.9366197183098591,0.3577371048252912,0.6677777777777778,0.30656685898986835,0.4,15,0.7843795072115408
0.5048888888888888,0.5758888888888888,0.536838888888889,0.08178438661710037,0.9182156133828996,0.34418604651162793,0.7166666666666667,0.3059934834438388,0.4,16,0.8147761418269254
0.4382222222222222,0.5953333333333333,0.5089222222222223,0.16605166051660517,0.8339483394833949,0.3826219512195122,0.7288888888888889,0.3291244860041195,0.4,17,1.0079146634615421
0.4417777777777778,0.6352222222222222,0.5288277777777778,0.20512820512820512,0.7948717948717948,0.368575624082232,0.7566666666666667,0.3246809116245841,0.4,18,0.9420522836538489
0.40644444444444444,0.6062222222222222,0.4963444444444445,0.17518248175182483,0.8248175182481752,0.40120663650075417,0.7366666666666667,0.35398310660532945,0.4,19,0.9713070913461562
0.48244444444444445,0.5693333333333334,0.5215444444444445,0.11971830985915492,0.8802816901408451,0.3619344773790952,0.7122222222222222,0.3246896683332263,0.4,20,0.8534374999999995
0.43,0.5816666666666667,0.4982500000000001,0.11895910780669144,0.8810408921933085,0.39351851851851855,0.72,0.346227581622204,0.4,21,0.8098587740384618
0.44155555555555553,0.5947777777777777,0.5105055555555555,0.1183206106870229,0.8816793893129771,0.38109756097560976,0.7288888888888889,0.33118824204790037,0.4,22,0.85248497596154
0.4855555555555556,0.5716666666666667,0.5243055555555556,0.0830188679245283,0.9169811320754717,0.3582554517133956,0.7133333333333334,0.3159043361307686,0.4,23,0.8755603966346168
0.31666666666666665,0.6738888888888889,0.47741666666666677,0.2977941176470588,0.7022058823529411,0.43607954545454547,0.7822222222222223,0.38795223927301203,0.4,24,0.7590655048076931
0.3968888888888889,0.6737777777777777,0.5214888888888889,0.2727272727272727,0.7272727272727273,0.3849431818181818,0.7822222222222223,0.3356651169820797,0.4,25,0.9242202524038481
0.5206666666666666,0.5741111111111111,0.5447166666666666,0.13333333333333333,0.8666666666666667,0.3302180685358255,0.7133333333333334,0.2768112580715215,0.4,26,0.8878230168269252
0.4766666666666667,0.6066666666666667,0.5351666666666668,0.05128205128205128,0.9487179487179487,0.35294117647058826,0.7366666666666667,0.31641231817817356,0.4,27,0.8947100360576923
0.5202222222222223,0.5798888888888889,0.5470722222222223,0.08536585365853659,0.9146341463414634,0.32972136222910214,0.7177777777777777,0.2864882035457933,0.4,28,0.8638957331730748
0.35511111111111116,0.7102222222222223,0.5149111111111112,0.34600760456273766,0.6539923954372624,0.39944903581267216,0.8066666666666666,0.3461904596709714,0.4,29,0.9500796274038478
0.5068888888888888,0.551,0.526738888888889,0.0933852140077821,0.9066147859922179,0.3471337579617834,0.6977777777777778,0.29326768454121765,0.5,0,0.6864708533653818
0.4866666666666667,0.5333333333333333,0.5076666666666668,0.136986301369863,0.863013698630137,0.36893203883495146,0.6866666666666666,0.3186410354184937,0.5,1,0.7033263221153823
0.5997777777777777,0.5178888888888888,0.5629277777777778,0.08058608058608059,0.9194139194139194,0.2894736842105263,0.6755555555555556,0.24372802430225185,0.5,2,0.7152959735576928
0.4477777777777778,0.6127777777777778,0.5220277777777779,0.20532319391634982,0.7946768060836502,0.36936936936936937,0.74,0.3156670061815494,0.5,3,0.6965444711538432
0.47444444444444445,0.565,0.5151944444444445,0.15444015444015444,0.8455598455598455,0.36477987421383645,0.7066666666666667,0.3109370236353284,0.5,4,0.6435802283653843
0.5575555555555556,0.5095555555555555,0.5359555555555555,0.048327137546468404,0.9516728624535316,0.32338308457711445,0.67,0.27697039682844704,0.5,5,0.6958067908653837
0.44533333333333336,0.5901111111111111,0.5104833333333334,0.1976284584980237,0.8023715415019763,0.3763440860215054,0.7233333333333334,0.3176549685582647,0.5,6,0.7170297475961532
0.4317777777777778,0.5780000000000001,0.49757777777777784,0.14285714285714285,0.8571428571428571,0.3922480620155039,0.7166666666666667,0.3402866665278926,0.5,7,0.6193614783653835
0.5644444444444445,0.5205555555555555,0.5446944444444445,0.09056603773584905,0.909433962264151,0.3136288998357964,0.6766666666666666,0.26447218083316604,0.5,8,0.7513596754807701
0.5913333333333334,0.5037777777777778,0.5519333333333334,0.07352941176470588,0.9264705882352942,0.2988313856427379,0.6655555555555556,0.2527951738706307,0.5,9,0.6667668269230765
0.6039999999999999,0.47355555555555556,0.5453000000000001,0.06521739130434782,0.9347826086956522,0.296551724137931,0.6444444444444445,0.24730672554682065,0.5,10,0.7485516826923064
0.47466666666666674,0.6160000000000001,0.5382666666666668,0.20306513409961685,0.7969348659003831,0.3502994011976048,0.7422222222222222,0.297949335034355,0.5,11,0.7274939903846172
0.49911111111111117,0.5471111111111111,0.5207111111111112,0.08745247148288973,0.9125475285171103,0.3546325878594249,0.6955555555555556,0.30333273567636826,0.5,12,0.6584239783653852
0.4766666666666667,0.5627777777777778,0.5154166666666666,0.1524822695035461,0.8475177304964538,0.3663522012578616,0.7066666666666667,0.31635523280148903,0.5,13,0.7505138221153826
0.5164444444444445,0.5806666666666667,0.5453444444444445,0.16475095785440613,0.8352490421455939,0.33126934984520123,0.7177777777777777,0.2833821838953078,0.5,14,0.7413416466346177
0.47977777777777775,0.5334444444444445,0.5039277777777778,0.11619718309859155,0.8838028169014085,0.3737864077669903,0.6866666666666666,0.3224676713202971,0.5,15,0.8206550480769228
0.4682222222222222,0.6025555555555556,0.5286722222222222,0.19330855018587362,0.8066914498141264,0.35909090909090907,0.7333333333333333,0.3133947439937227,0.5,16,0.6500180288461537
0.4077777777777778,0.6177777777777778,0.5022777777777778,0.23985239852398524,0.7601476014760148,0.39461883408071746,0.7433333333333333,0.3414210341036207,0.5,17,0.6638431490384594
0.46311111111111114,0.6184444444444445,0.5330111111111112,0.21611721611721613,0.7838827838827839,0.3582089552238806,0.7444444444444445,0.30682572483596837,0.5,18,0.7253771033653835
0.45133333333333336,0.5715555555555557,0.5054333333333334,0.16058394160583941,0.8394160583941606,0.38065522620904835,0.7122222222222222,0.3245411560011434,0.5,19,0.6994200721153849
0.476,0.5731111111111112,0.5197,0.19014084507042253,0.8098591549295775,0.3629283489096573,0.7133333333333334,0.3072913534800223,0.5,20,0.6922250600961517
0.48777777777777775,0.5366666666666666,0.5097777777777778,0.12267657992565056,0.8773234200743495,0.3651050080775444,0.6877777777777778,0.31693852641086717,0.5,21,0.7940444711538468
0.43311111111111106,0.6006666666666666,0.5085111111111111,0.16030534351145037,0.8396946564885496,0.38391502276176026,0.7322222222222222,0.33506382515939953,0.5,22,0.7535036057692283
0.46955555555555556,0.5830000000000001,0.5206055555555557,0.1509433962264151,0.8490566037735849,0.36419753086419754,0.72,0.31226072076343353,0.5,23,0.7930603966346158
0.5608888888888889,0.48400000000000004,0.5262888888888888,0.08823529411764706,0.9117647058823529,0.32593856655290104,0.6511111111111111,0.26757325137944554,0.5,24,0.7314618389423064
0.5302222222222223,0.5721111111111111,0.5490722222222223,0.14772727272727273,0.8522727272727273,0.3244929797191888,0.7122222222222222,0.2768337213963424,0.5,25,0.7072761418269229
0.46622222222222226,0.6179999999999999,0.5345222222222222,0.2549019607843137,0.7450980392156863,0.3532934131736527,0.7422222222222222,0.29658409951111697,0.5,26,0.778398437500001
0.4517777777777778,0.628,0.5310777777777778,0.15384615384615385,0.8461538461538461,0.36148148148148146,0.75,0.3125689682992952,0.5,27,0.7386688701923081
0.4948888888888889,0.602,0.543088888888889,0.15447154471544716,0.8455284552845529,0.33990895295902884,0.7322222222222222,0.29255833210572907,0.5,28,0.6512064302884619
0.5584444444444445,0.551888888888889,0.5554944444444445,0.09125475285171103,0.908745247148289,0.31001589825119236,0.6988888888888889,0.26410216596623026,0.5,29,0.7404281850961558
0.6319999999999999,0.454,0.5519000000000001,0.07392996108949416,0.9260700389105059,0.2756183745583039,0.6288888888888889,0.23610866930384256,0.6,0,0.8258488581730788
0.594,0.4502222222222222,0.5293,0.11643835616438356,0.8835616438356164,0.30973451327433627,0.6277777777777778,0.2664928098020871,0.6,1,0.8517052283653817
0.6533333333333333,0.4761111111111111,0.5735833333333333,0.08791208791208792,0.9120879120879121,0.25645438898450945,0.6455555555555555,0.22107759534779936,0.6,2,0.7390715144230722
0.6080000000000001,0.4898888888888889,0.5548500000000001,0.09885931558935361,0.9011406844106464,0.2869269949066214,0.6544444444444445,0.246232428692741,0.6,3,0.7999023437499949
0.6268888888888889,0.44377777777777777,0.5444888888888889,0.10424710424710425,0.8957528957528957,0.2808586762075134,0.6211111111111111,0.23856938823771534,0.6,4,0.8278109975961514
0.6142222222222222,0.4667777777777778,0.5478722222222223,0.07434944237918216,0.9256505576208178,0.288695652173913,0.6388888888888888,0.2490901529226615,0.6,5,0.7358278245192311
0.6257777777777779,0.44711111111111107,0.5453777777777779,0.09090909090909091,0.9090909090909091,0.2798573975044563,0.6233333333333333,0.23696186129821065,0.6,6,0.8982241586538444
0.5448888888888889,0.4908888888888888,0.5205888888888889,0.09022556390977443,0.9097744360902256,0.33559322033898303,0.6555555555555556,0.290298740331346,0.6,7,0.8130063100961522
0.6597777777777777,0.44677777777777783,0.5639277777777779,0.06792452830188679,0.9320754716981132,0.25622775800711745,0.6244444444444445,0.2145557412313335,0.6,8,0.7953605769230729
0.6162222222222222,0.4857777777777777,0.5575222222222223,0.09558823529411764,0.9044117647058824,0.282793867120954,0.6522222222222223,0.2393651227632629,0.6,9,0.8063897235576906
0.6475555555555556,0.43788888888888894,0.5532055555555556,0.06884057971014493,0.9311594202898551,0.26929982046678635,0.6188888888888889,0.22732836472946993,0.6,10,0.7955889423076886
0.654888888888889,0.47811111111111104,0.575338888888889,0.06130268199233716,0.9386973180076629,0.2542955326460481,0.6466666666666666,0.21626077801044952,0.6,11,0.8351622596153846
0.6084444444444445,0.46244444444444444,0.5427444444444445,0.06463878326996197,0.935361216730038,0.2937062937062937,0.6355555555555555,0.25212203284276474,0.6,12,0.7777313701923031
0.6415555555555555,0.4358888888888889,0.5490055555555555,0.07446808510638298,0.925531914893617,0.2751798561151079,0.6177777777777778,0.23408178915739303,0.6,13,0.8215459735576919
0.644888888888889,0.48199999999999993,0.5715888888888889,0.08812260536398467,0.9118773946360154,0.2602739726027397,0.6488888888888888,0.21490112605259937,0.6,14,0.8565955528846138
0.6006666666666667,0.43855555555555553,0.5277166666666667,0.06690140845070422,0.9330985915492958,0.30824372759856633,0.62,0.2635397079283794,0.6,15,0.9181565504807686
0.6193333333333334,0.48699999999999993,0.5597833333333333,0.07434944237918216,0.9256505576208178,0.28061224489795916,0.6533333333333333,0.23736597894365205,0.6,16,0.8161959134615382
0.6108888888888888,0.46066666666666667,0.5432888888888889,0.08487084870848709,0.915129151291513,0.29246935201401053,0.6344444444444445,0.2517850014597336,0.6,17,0.7498091947115368
0.5793333333333335,0.5292222222222223,0.5567833333333334,0.14652014652014653,0.8534798534798534,0.2996742671009772,0.6822222222222222,0.2515891637993376,0.6,18,0.8360111177884637
0.5795555555555556,0.46911111111111115,0.5298555555555555,0.11678832116788321,0.8832116788321168,0.3142361111111111,0.64,0.26725689996609736,0.6,19,0.8044456129807702
0.6457777777777778,0.44266666666666665,0.5543777777777779,0.09859154929577464,0.9014084507042254,0.26964285714285713,0.6222222222222222,0.22687350164609377,0.6,20,0.8352478966346141
0.6406666666666666,0.41688888888888886,0.5399666666666667,0.07063197026022305,0.929368029739777,0.27808471454880296,0.6033333333333334,0.2274403178339815,0.6,21,0.85444861778846
0.5788888888888889,0.48833333333333334,0.5381388888888889,0.09541984732824428,0.9045801526717557,0.30952380952380953,0.6533333333333333,0.260971309819843,0.6,22,0.8302869591346155
0.6517777777777777,0.4424444444444444,0.5575777777777778,0.07924528301886792,0.9207547169811321,0.2629695885509839,0.6211111111111111,0.22118837500501437,0.6,23,0.8412394831730766
0.6097777777777778,0.44733333333333336,0.5366777777777778,0.11029411764705882,0.8897058823529411,0.29537366548042704,0.6244444444444445,0.24522014118384666,0.6,24,0.8054146634615383
0.61,0.5094444444444444,0.5647500000000001,0.13257575757575757,0.8674242424242424,0.2795341098169717,0.6677777777777778,0.23633633855618222,0.6,25,0.8040730168269185
0.6144444444444445,0.5016666666666667,0.5636944444444445,0.10196078431372549,0.8980392156862745,0.2785234899328859,0.6622222222222223,0.23707276249638937,0.6,26,0.8993719951923073
0.5964444444444444,0.5134444444444445,0.5590944444444446,0.05555555555555555,0.9444444444444444,0.2885572139303483,0.67,0.24615878175488715,0.6,27,0.8932436899038475
0.5835555555555556,0.5332222222222222,0.5609055555555557,0.14227642276422764,0.8577235772357723,0.2926829268292683,0.6833333333333333,0.24773921468612392,0.6,28,0.8209735576923058
0.6306666666666667,0.49577777777777776,0.5699666666666667,0.08745247148288973,0.9125475285171103,0.26812816188870153,0.6588888888888889,0.22346600341587158,0.6,29,0.8359435096153854
0.6988888888888889,0.4022222222222222,0.5653888888888889,0.058365758754863814,0.9416342412451362,0.23076923076923078,0.5922222222222222,0.19787992127425524,0.65,0,0.9057872596153851
0.6688888888888889,0.39222222222222225,0.5443888888888889,0.10273972602739725,0.8972602739726028,0.26136363636363635,0.5866666666666667,0.22070426562206197,0.65,1,0.8850931490384597
0.7140000000000001,0.4285555555555555,0.58555,0.05860805860805861,0.9413919413919414,0.2159709618874773,0.6122222222222222,0.18328066363712742,0.65,2,0.8500150240384604
0.7044444444444444,0.41555555555555557,0.5744444444444444,0.057034220532319393,0.9429657794676806,0.22509225092250923,0.6022222222222222,0.19593164465217888,0.65,3,0.8327794471153864
0.7066666666666667,0.38055555555555554,0.5599166666666666,0.0694980694980695,0.9305019305019305,0.2254335260115607,0.5766666666666667,0.19316843527615007,0.65,4,0.8484840745192321
0.6864444444444444,0.4067777777777778,0.5605944444444445,0.04460966542750929,0.9553903345724907,0.24208566108007448,0.5966666666666667,0.2066821342781079,0.65,5,0.8697686298076929
0.6993333333333335,0.3903333333333333,0.5602833333333334,0.06324110671936758,0.9367588932806324,0.23047619047619047,0.5833333333333334,0.19895487144177598,0.65,6,0.8561493389423073
0.6684444444444445,0.38855555555555554,0.5424944444444445,0.04887218045112782,0.9511278195488722,0.26095238095238094,0.5833333333333334,0.2276281876295974,0.65,7,0.8182722355769199
0.73,0.39055555555555554,0.5772500000000002,0.06037735849056604,0.939622641509434,0.20722433460076045,0.5844444444444444,0.17283150324593052,0.65,8,0.8976171875000005
0.7206666666666667,0.40355555555555556,0.5779666666666667,0.051470588235294115,0.9485294117647058,0.21495327102803738,0.5944444444444444,0.1854140434234436,0.65,9,0.8773482572115366
0.6977777777777778,0.3972222222222222,0.5625277777777777,0.06159420289855073,0.9384057971014492,0.23540489642184556,0.59,0.197878380743409,0.65,10,0.9098467548076904
0.7286666666666666,0.41900000000000004,0.5893166666666667,0.06130268199233716,0.9386973180076629,0.20404411764705882,0.6044444444444445,0.1729486743604944,0.65,11,0.8348617788461523
0.6731111111111111,0.4123333333333334,0.5557611111111112,0.053231939163498096,0.9467680608365019,0.2518518518518518,0.6,0.21222964406704067,0.65,12,0.8218103966346162
0.6962222222222223,0.39355555555555555,0.5600222222222223,0.06382978723404255,0.9361702127659575,0.2381852551984877,0.5877777777777777,0.20578002377222604,0.65,13,0.8170402644230778
0.7364444444444443,0.40844444444444444,0.5888444444444445,0.07279693486590039,0.9272030651340997,0.1973929236499069,0.5966666666666667,0.1614800763639024,0.65,14,0.8641706730769215
0.6688888888888889,0.38555555555555554,0.5413888888888889,0.06338028169014084,0.9366197183098591,0.2633587786259542,0.5822222222222222,0.22445854466546103,0.65,15,0.8118719951923101
0.7151111111111111,0.41133333333333333,0.5784111111111112,0.040892193308550186,0.9591078066914498,0.21851851851851853,0.6,0.18628723992411034,0.65,16,0.7920658052884598
0.6940000000000002,0.39299999999999996,0.55855,0.05904059040590406,0.940959409594096,0.23863636363636365,0.5866666666666667,0.2053738408128297,0.65,17,0.844478665865387
0.7113333333333334,0.4276666666666667,0.5836833333333334,0.08058608058608059,0.9194139194139194,0.21818181818181817,0.6111111111111112,0.18695892561883148,0.65,18,0.821442307692312
0.6762222222222223,0.39300000000000007,0.5487722222222223,0.06934306569343066,0.9306569343065694,0.2537878787878788,0.5866666666666667,0.21377254818366295,0.65,19,0.8150871394230789
0.7177777777777777,0.3855555555555555,0.5682777777777778,0.06338028169014084,0.9366197183098591,0.22137404580152673,0.5822222222222222,0.18653940304225025,0.65,20,0.8836162860576912
0.7037777777777778,0.3653333333333333,0.5514777777777778,0.06319702602230483,0.9368029739776952,0.23333333333333334,0.5666666666666667,0.196183199507854,0.65,21,0.8503695913461563
0.674,0.41133333333333333,0.5558000000000001,0.06870229007633588,0.9312977099236641,0.2504638218923933,0.5988888888888889,0.2112640389409359,0.65,22,0.8884420072115367
0.698,0.40488888888888885,0.5661,0.07169811320754717,0.9283018867924528,0.23177570093457944,0.5944444444444444,0.19679272647037993,0.65,23,0.8327554086538447
0.6995555555555555,0.3763333333333333,0.5541055555555556,0.07720588235294118,0.9227941176470589,0.23597678916827852,0.5744444444444444,0.19962292705008922,0.65,24,0.915335036057698
0.7102222222222223,0.4304444444444444,0.5843222222222223,0.09090909090909091,0.9090909090909091,0.2159709618874773,0.6122222222222222,0.18193860517948657,0.65,25,0.8652193509615353
0.6880000000000001,0.4432222222222222,0.5778500000000001,0.07058823529411765,0.9294117647058824,0.23255813953488372,0.6211111111111111,0.20393474856882882,0.65,26,0.9288206129807678
0.646888888888889,0.47433333333333333,0.569238888888889,0.04700854700854701,0.9529914529914529,0.2577854671280277,0.6422222222222222,0.21835047261148163,0.65,27,0.830656550480768
0.6920000000000001,0.4478888888888888,0.58215,0.09349593495934959,0.9065040650406504,0.22638146167557932,0.6233333333333333,0.19549778433377268,0.65,28,0.8284254807692334
0.7173333333333335,0.42855555555555547,0.5873833333333334,0.07604562737642585,0.9239543726235742,0.2109090909090909,0.6111111111111112,0.17349627940712373,0.65,29,0.9167593149038442
0.7437777777777779,0.3647777777777778,0.5732277777777778,0.054474708171206226,0.9455252918287937,0.19646365422396855,0.5655555555555556,0.16662646119917873,0.7,0,0.9233623798076948
0.7182222222222223,0.35311111111111104,0.5539222222222222,0.0958904109589041,0.9041095890410958,0.22465208747514911,0.5588888888888889,0.18482349049172747,0.7,1,0.8975540865384622
0.7597777777777778,0.3878888888888889,0.5924277777777779,0.05128205128205128,0.9487179487179487,0.18285714285714286,0.5833333333333334,0.15553223499430333,0.7,2,0.9171649639423082
0.7364444444444446,0.389,0.5800944444444445,0.053231939163498096,0.9467680608365019,0.2019047619047619,0.5833333333333334,0.17395614364253406,0.7,3,0.8472280649038451
0.7168888888888889,0.37266666666666665,0.5619888888888889,0.06563706563706563,0.9343629343629344,0.2178988326848249,0.5711111111111111,0.1824975756555687,0.7,4,0.8804432091346134
0.7428888888888888,0.36299999999999993,0.571938888888889,0.03717472118959108,0.9628252788104089,0.20039292730844793,0.5655555555555556,0.17734673666619324,0.7,5,0.8572040264423114
0.7160000000000001,0.3747777777777777,0.56245,0.06324110671936758,0.9367588932806324,0.21553398058252426,0.5722222222222222,0.18961958756916536,0.7,6,0.8753605769230748
0.6937777777777778,0.3664444444444444,0.5464777777777778,0.03759398496240601,0.9624060150375939,0.24266144814090018,0.5677777777777778,0.20621246975014831,0.7,7,0.8425811298076908
0.7613333333333334,0.3654444444444444,0.5831833333333334,0.052830188679245285,0.9471698113207547,0.18235294117647058,0.5666666666666667,0.14814417702351204,0.7,8,0.9641286057692272
0.7588888888888888,0.37222222222222223,0.584888888888889,0.04411764705882353,0.9558823529411765,0.18640776699029127,0.5722222222222222,0.15994998391030432,0.7,9,0.8525525841346127
0.748,0.3515555555555555,0.5696,0.043478260869565216,0.9565217391304348,0.19721115537848605,0.5577777777777778,0.1631722041950635,0.7,10,0.9602223557692259
0.7528888888888889,0.39855555555555555,0.593438888888889,0.05363984674329502,0.946360153256705,0.1864406779661017,0.59,0.1612706108044284,0.7,11,0.8622415865384572
0.7524444444444445,0.34933333333333333,0.5710444444444445,0.026615969581749048,0.973384030418251,0.194,0.5555555555555556,0.17306799556527028,0.7,12,0.8428410456730744
0.7302222222222223,0.3671111111111111,0.5668222222222222,0.06382978723404255,0.9361702127659575,0.212890625,0.5688888888888889,0.18635918968612725,0.7,13,0.8608082932692295
0.7808888888888889,0.37233333333333335,0.5970388888888888,0.06130268199233716,0.9386973180076629,0.16342412451361868,0.5711111111111111,0.1375698593047875,0.7,14,0.8765399639423039
0.7155555555555555,0.34944444444444445,0.5508055555555555,0.0528169014084507,0.9471830985915493,0.22954091816367264,0.5566666666666666,0.19960794454713054,0.7,15,0.8496664663461525
0.7491111111111112,0.38488888888888884,0.5852111111111111,0.040892193308550186,0.9591078066914498,0.1931166347992352,0.5811111111111111,0.1671793895272608,0.7,16,0.8006415264423017
0.7317777777777777,0.36299999999999993,0.5658277777777778,0.04428044280442804,0.955719557195572,0.21021611001964635,0.5655555555555556,0.1754785141586629,0.7,17,0.9124188701923017
0.7482222222222222,0.39755555555555555,0.5904222222222223,0.06227106227106227,0.9377289377289377,0.192090395480226,0.59,0.16335036138859754,0.7,18,0.8491346153846091
0.736,0.34255555555555556,0.5589500000000001,0.04744525547445255,0.9525547445255474,0.20967741935483872,0.5511111111111111,0.17929103979245523,0.7,19,0.8946799879807649
0.752,0.3523333333333333,0.5721499999999999,0.045774647887323945,0.954225352112676,0.19483101391650098,0.5588888888888889,0.16704976990309145,0.7,20,0.9185892427884595
0.7268888888888889,0.3465555555555555,0.5557388888888889,0.05947955390334572,0.9405204460966543,0.21485943775100402,0.5533333333333333,0.18194556427451108,0.7,21,0.9356520432692258
0.7255555555555555,0.36277777777777775,0.5623055555555556,0.05725190839694656,0.9427480916030534,0.21456692913385828,0.5644444444444444,0.17701278571377044,0.7,22,0.8992623197115356
0.7246666666666666,0.3798888888888889,0.5695166666666668,0.06792452830188679,0.9320754716981132,0.2119460500963391,0.5766666666666667,0.17845385036185424,0.7,23,0.8700901442307667
0.7602222222222222,0.32488888888888884,0.5643222222222222,0.07352941176470588,0.9264705882352942,0.1859504132231405,0.5377777777777778,0.15825782608098618,0.7,24,0.9193689903846174
0.7384444444444445,0.40688888888888886,0.5892444444444445,0.08333333333333333,0.9166666666666666,0.19402985074626866,0.5955555555555555,0.161888676766052,0.7,25,0.8656535456730718
0.7171111111111113,0.41977777777777775,0.5833111111111111,0.06666666666666667,0.9333333333333333,0.2113970588235294,0.6044444444444445,0.18106111136561664,0.7,26,0.9011418269230742
0.6728888888888889,0.4541111111111111,0.5744388888888889,0.04700854700854701,0.9529914529914529,0.2407079646017699,0.6277777777777778,0.20660650514516626,0.7,27,0.8683398437499942
0.7337777777777779,0.41311111111111104,0.5894777777777778,0.07317073170731707,0.926829268292683,0.19666048237476808,0.5988888888888889,0.17023686959677942,0.7,28,0.8496739783653843
0.7677777777777778,0.3844444444444444,0.5952777777777778,0.057034220532319393,0.9429657794676806,0.1724137931034483,0.58,0.1432622754700048,0.7,29,0.9335081129807694
0.7882222222222222,0.3164444444444444,0.5759222222222222,0.05058365758754864,0.9494163424124513,0.1506276150627615,0.5311111111111111,0.11942601915541953,0.75,0,1.086174879807692
0.7746666666666666,0.29488888888888887,0.5587666666666667,0.07534246575342465,0.9246575342465754,0.16952789699570817,0.5177777777777778,0.13384138716481175,0.75,1,1.0714062500000003
0.7928888888888889,0.35355555555555557,0.595188888888889,0.047619047619047616,0.9523809523809523,0.14910536779324055,0.5588888888888889,0.11717188259464882,0.75,2,1.1129191706730772
0.7704444444444444,0.3592222222222222,0.5853944444444444,0.045627376425855515,0.9543726235741445,0.17193675889328064,0.5622222222222222,0.14891394130714264,0.75,3,0.9824098557692313
0.7482222222222222,0.3336666666666666,0.5616722222222222,0.06177606177606178,0.9382239382239382,0.18813905930470348,0.5433333333333333,0.15430053001109623,0.75,4,1.0346168870192294
0.7666666666666667,0.33944444444444444,0.5744166666666667,0.02973977695167286,0.9702602230483272,0.18016194331983806,0.5488888888888889,0.14799748154746617,0.75,5,1.0945402644230728
0.7508888888888889,0.3417777777777778,0.566788888888889,0.05138339920948617,0.9486166007905138,0.18421052631578946,0.5488888888888889,0.15566867637431106,0.75,6,1.0183097956730742
0.7311111111111112,0.3288888888888889,0.5501111111111111,0.03007518796992481,0.9699248120300752,0.21149897330595482,0.5411111111111111,0.17755144354604183,0.75,7,0.9946228966346131
0.8148888888888889,0.3075555555555555,0.5865888888888889,0.04150943396226415,0.9584905660377359,0.12684989429175475,0.5255555555555556,0.0967010519362994,0.75,8,1.1430829326923113
0.7953333333333333,0.33955555555555555,0.5902333333333334,0.04411764705882353,0.9558823529411765,0.15384615384615385,0.5488888888888889,0.12893521443679576,0.75,9,1.0214663461538465
0.806888888888889,0.2904444444444444,0.5744888888888888,0.028985507246376812,0.9710144927536232,0.13822894168466524,0.5144444444444445,0.10588077482904504,0.75,10,1.2105108173076893
0.7773333333333332,0.3735555555555556,0.5956333333333333,0.04980842911877394,0.9501915708812261,0.16310679611650486,0.5722222222222222,0.13965916682566604,0.75,11,0.9622070312499965
0.7704444444444446,0.33033333333333326,0.5723944444444444,0.015209125475285171,0.9847908745247148,0.17827868852459017,0.5422222222222223,0.1541939396401989,0.75,12,1.024166165865381
0.7575555555555556,0.3434444444444445,0.5712055555555556,0.05319148936170213,0.9468085106382979,0.19114688128772636,0.5522222222222222,0.16115381564259235,0.75,13,0.9691556490384631
0.8053333333333335,0.3473333333333334,0.5992333333333333,0.05747126436781609,0.9425287356321839,0.13855421686746988,0.5533333333333333,0.1101764489327915,0.75,14,0.9705784254807633
0.7462222222222222,0.31966666666666665,0.5542722222222223,0.045774647887323945,0.954225352112676,0.2033195020746888,0.5355555555555556,0.17691713046425678,0.75,15,0.9602103365384574
0.7873333333333334,0.35355555555555546,0.5921333333333334,0.03345724907063197,0.966542750929368,0.1610337972166998,0.5588888888888889,0.13574945412521444,0.75,16,0.8827734375000008
0.7748888888888888,0.3208888888888889,0.5705888888888888,0.04059040590405904,0.959409594095941,0.16804979253112035,0.5355555555555556,0.12674405592767252,0.75,17,1.0350195312500006
0.7822222222222223,0.36,0.5922222222222222,0.054945054945054944,0.945054945054945,0.15976331360946747,0.5633333333333334,0.1332628917134325,0.75,18,0.9803049879807676
0.7842222222222223,0.29566666666666663,0.5643722222222223,0.040145985401459854,0.9598540145985401,0.16523605150214593,0.5177777777777778,0.1321736141104493,0.75,19,1.0756760817307702
0.7922222222222223,0.31166666666666665,0.5759722222222222,0.03873239436619718,0.9612676056338029,0.15723270440251572,0.53,0.13540179630415344,0.75,20,1.0917728365384585
0.764888888888889,0.3103333333333333,0.5603388888888889,0.04460966542750929,0.9553903345724907,0.18105263157894738,0.5277777777777778,0.15563463586071685,0.75,21,0.9734164663461574
0.7724444444444445,0.31433333333333335,0.5662944444444445,0.04961832061068702,0.950381679389313,0.16561844863731656,0.53,0.12543910645164363,0.75,22,1.0097280649038398
0.7717777777777778,0.34244444444444444,0.5785777777777779,0.06415094339622641,0.9358490566037736,0.17373737373737375,0.55,0.14531750733173004,0.75,23,0.9825991586538463
0.7817777777777778,0.29633333333333334,0.5633277777777778,0.05514705882352941,0.9448529411764706,0.16738197424892703,0.5177777777777778,0.1396440253377563,0.75,24,1.126313100961538
0.788,0.3532222222222222,0.59235,0.056818181818181816,0.9431818181818182,0.1454183266932271,0.5577777777777778,0.1229079439204714,0.75,25,0.9986328124999899
0.7555555555555555,0.37555555555555553,0.5845555555555556,0.043137254901960784,0.9568627450980393,0.17829457364341086,0.5733333333333334,0.14487391845783057,0.75,26,1.0523692908653808
0.7275555555555555,0.40677777777777774,0.5832055555555555,0.021367521367521368,0.9786324786324786,0.2,0.5944444444444444,0.1731581214723335,0.75,27,0.9255634014423049
0.7544444444444445,0.39444444444444443,0.5924444444444444,0.07317073170731707,0.926829268292683,0.17836812144212524,0.5855555555555556,0.14978247995352667,0.75,28,0.9431325120192298
0.804,0.34688888888888886,0.5983,0.049429657794676805,0.9505703422053232,0.13453815261044177,0.5533333333333333,0.10773226877931374,0.75,29,1.0678245192307683
0.8344444444444444,0.23055555555555557,0.5626944444444445,0.038910505836575876,0.9610894941634242,0.061465721040189124,0.47,0.03644739562614626,0.8,0,2.3709209735576904
0.8315555555555555,0.19755555555555557,0.5462555555555556,0.04794520547945205,0.952054794520548,0.07425742574257425,0.4488888888888889,0.04903679862899595,0.8,1,2.3788882211538436
0.8464444444444444,0.2662222222222222,0.5853444444444443,0.040293040293040296,0.9597069597069597,0.07158836689038031,0.49666666666666665,0.035416146833070684,0.8,2,2.347352764423071
0.8235555555555556,0.2843333333333333,0.5809055555555556,0.03802281368821293,0.9619771863117871,0.09606986899563319,0.5088888888888888,0.0651601147172841,0.8,3,2.083587740384614
0.8175555555555555,0.2195555555555556,0.5484555555555556,0.04247104247104247,0.9575289575289575,0.07451923076923077,0.4622222222222222,0.046059549193461155,0.8,4,2.096020132211536
0.8368888888888889,0.22877777777777775,0.563238888888889,0.022304832713754646,0.9776951672862454,0.06382978723404255,0.47,0.03324614711810491,0.8,5,2.2276712740384577
0.808,0.2637777777777778,0.5631,0.043478260869565216,0.9565217391304348,0.10135135135135136,0.49333333333333335,0.06635703325655753,0.8,6,2.1268149038461615
0.8202222222222223,0.20877777777777778,0.5450722222222222,0.018796992481203006,0.981203007518797,0.08048780487804878,0.45555555555555555,0.04753972280544713,0.8,7,2.2757902644230747
0.863111111111111,0.22955555555555554,0.5780111111111111,0.033962264150943396,0.9660377358490566,0.0425531914893617,0.47,0.022534047580891517,0.8,8,2.4797460937499998
0.847111111111111,0.24866666666666667,0.577811111111111,0.022058823529411766,0.9779411764705882,0.05963302752293578,0.48444444444444446,0.032557996660878906,0.8,9,2.0890925480769202
0.8582222222222223,0.20755555555555558,0.5654222222222223,0.014492753623188406,0.9855072463768116,0.046341463414634146,0.45555555555555555,0.022272953623254925,0.8,10,2.512913161057687
0.8357777777777778,0.27655555555555555,0.5841277777777778,0.03065134099616858,0.9693486590038314,0.0684326710816777,0.5033333333333333,0.03754626016656327,0.8,11,1.961962139423073
0.8193333333333335,0.2336666666666667,0.5557833333333334,0.0076045627376425855,0.9923954372623575,0.09624413145539906,0.47333333333333333,0.06261779679877656,0.8,12,2.1246829927884527
0.8191111111111111,0.2637777777777778,0.5692111111111111,0.0425531914893617,0.9574468085106383,0.10986547085201794,0.4955555555555556,0.07760600182110616,0.8,13,1.7264408052884612
0.849,0.28988888888888886,0.5974,0.038314176245210725,0.9616858237547893,0.11974789915966387,0.5288888888888889,0.05167421111310664,0.8,14,1.9787515024038487
0.8153333333333332,0.22566666666666665,0.5499833333333334,0.02464788732394366,0.9753521126760564,0.1018957345971564,0.4688888888888889,0.07305287254328921,0.8,15,1.9312049278846182
0.8404444444444444,0.2614444444444445,0.5798944444444444,0.022304832713754646,0.9776951672862454,0.08333333333333333,0.49333333333333335,0.059208462527980725,0.8,16,1.8895628004807623
0.8328888888888889,0.20688888888888887,0.551188888888889,0.025830258302583026,0.974169741697417,0.06356968215158924,0.45444444444444443,0.027503040732090252,0.8,17,2.378919771634621
0.8444444444444444,0.26166666666666666,0.5821944444444445,0.04395604395604396,0.9560439560439561,0.06306306306306306,0.49333333333333335,0.03772287878118324,0.8,18,1.8671920072115398
0.8411111111111111,0.20666666666666667,0.5556111111111112,0.029197080291970802,0.9708029197080292,0.06845965770171149,0.45444444444444443,0.04339154559622311,0.8,19,2.326024639423082
0.8346666666666667,0.23377777777777778,0.5642666666666667,0.035211267605633804,0.9647887323943662,0.07962529274004684,0.47444444444444445,0.04929708195575288,0.8,20,2.1920808293269207
0.8168888888888889,0.23211111111111107,0.5537388888888889,0.02973977695167286,0.9702602230483272,0.09647058823529411,0.4722222222222222,0.05817241776199487,0.8,21,1.9280498798076933
0.832,0.21122222222222223,0.55265,0.03435114503816794,0.9656488549618321,0.06082725060827251,0.45666666666666667,0.025474913207999987,0.8,22,2.282406850961536
0.8364444444444444,0.25622222222222224,0.5753444444444444,0.04150943396226415,0.9584905660377359,0.08409090909090909,0.4888888888888889,0.060336872271482545,0.8,23,1.9750826322115431
0.8291111111111111,0.21044444444444446,0.5507111111111112,0.04411764705882353,0.9558823529411765,0.08029197080291971,0.45666666666666667,0.04477307232820074,0.8,24,2.3527644230769247
0.8406666666666666,0.28300000000000003,0.5897166666666666,0.04924242424242424,0.9507575757575758,0.0700218818380744,0.5077777777777778,0.03780348247657922,0.8,25,2.1806850961538444
0.83,0.24722222222222223,0.56775,0.01568627450980392,0.984313725490196,0.0576036866359447,0.4822222222222222,0.030493319560192692,0.8,26,2.255683593750001
0.8053333333333332,0.3006666666666667,0.5782333333333334,0.008547008547008548,0.9914529914529915,0.09635974304068523,0.5188888888888888,0.06600239327734705,0.8,27,1.7270537860576851
0.8273333333333333,0.2952222222222223,0.5878833333333333,0.028455284552845527,0.9715447154471545,0.07974137931034483,0.5155555555555555,0.05424626277455745,0.8,28,1.941026141826922
0.8644444444444445,0.26722222222222225,0.5956944444444444,0.03802281368821293,0.9619771863117871,0.04697986577181208,0.49666666666666665,0.021357444985324332,0.8,29,2.304239783653846
0.8431111111111111,0.204,0.5555111111111111,0.03501945525291829,0.9649805447470817,0.03940886699507389,0.45111111111111113,0.01825971719909364,0.85,0,4.405623497596154
0.8446666666666667,0.15822222222222224,0.5357666666666666,0.03424657534246575,0.9657534246575342,0.044854881266490766,0.4211111111111111,0.029213408338172972,0.85,1,4.401878004807696
0.8577777777777778,0.23,0.5752777777777778,0.02564102564102564,0.9743589743589743,0.04481132075471698,0.4711111111111111,0.020914139413033838,0.85,2,4.36704627403846
0.8375555555555555,0.2501111111111111,0.5732055555555555,0.03802281368821293,0.9619771863117871,0.06880733944954129,0.48444444444444446,0.0426025899123706,0.85,3,4.149424579326928
0.8271111111111111,0.19922222222222224,0.5445611111111112,0.03861003861003861,0.9613899613899614,0.05459057071960298,0.4477777777777778,0.025734078576073138,0.85,4,4.169070012019234
0.8395555555555557,0.1991111111111111,0.5513555555555556,0.01858736059479554,0.9814126394052045,0.04455445544554455,0.4488888888888889,0.02487545385660254,0.85,5,4.329263822115384
0.8304444444444445,0.2247777777777778,0.5578944444444445,0.039525691699604744,0.9604743083003953,0.057279236276849645,0.46555555555555556,0.03600168813244191,0.85,6,4.147493990384607
0.8308888888888888,0.18844444444444447,0.5417888888888889,0.015037593984962405,0.9849624060150376,0.05289672544080604,0.4411111111111111,0.022343303042712565,0.85,7,4.314346454326925
0.8657777777777779,0.20933333333333334,0.5703777777777778,0.033962264150943396,0.9660377358490566,0.03170731707317073,0.45555555555555555,0.02451402978937716,0.85,8,4.590826322115394
0.8617777777777778,0.21577777777777776,0.5710777777777778,0.014705882352941176,0.9852941176470589,0.02891566265060241,0.46111111111111114,0.0173377976266153,0.85,9,4.0871950120192295
0.8688888888888889,0.18722222222222223,0.5621388888888889,0.010869565217391304,0.9891304347826086,0.02518891687657431,0.4411111111111111,0.013530332980917319,0.85,10,4.544438100961541
0.8502222222222223,0.23600000000000002,0.5738222222222222,0.02681992337164751,0.9731800766283525,0.03278688524590164,0.47444444444444445,0.015012376149895371,0.85,11,3.96513972355769
0.8337777777777778,0.2008888888888889,0.5489777777777778,0.0038022813688212928,0.9961977186311787,0.06172839506172839,0.45,0.03211926852080153,0.85,12,4.104266826923078
0.8437777777777777,0.21533333333333335,0.5609777777777778,0.03546099290780142,0.9645390070921985,0.05542168674698795,0.46111111111111114,0.03229444675607035,0.85,13,3.55680438701923
0.8693333333333334,0.23144444444444445,0.5822833333333334,0.03065134099616858,0.9693486590038314,0.030660377358490566,0.4711111111111111,0.024261013705342168,0.85,14,3.9583067908653797
0.8406666666666667,0.18522222222222223,0.5457166666666666,0.02464788732394366,0.9753521126760564,0.047979797979797977,0.44,0.02534434614397245,0.85,15,3.8738897235576895
0.8508888888888888,0.23344444444444443,0.573038888888889,0.022304832713754646,0.9776951672862454,0.05868544600938967,0.47333333333333333,0.03759761302341505,0.85,16,3.8018810096153897
0.8384444444444444,0.17244444444444443,0.5387444444444445,0.01845018450184502,0.981549815498155,0.03617571059431524,0.43,0.0155232990563539,0.85,17,4.4467397836538485
0.8513333333333333,0.23044444444444445,0.5719333333333333,0.040293040293040296,0.9597069597069597,0.04245283018867924,0.4711111111111111,0.017621993304006586,0.85,18,3.8121198918269297
0.8482222222222222,0.18644444444444447,0.5504222222222223,0.029197080291970802,0.9708029197080292,0.045454545454545456,0.44,0.020690446661932614,0.85,19,4.353112980769233
0.8411111111111111,0.215,0.5593611111111111,0.03169014084507042,0.9683098591549296,0.06506024096385542,0.46111111111111114,0.0419324495495993,0.85,20,4.244193209134615
0.8377777777777777,0.17277777777777778,0.5385277777777778,0.022304832713754646,0.9776951672862454,0.041343669250646,0.43,0.0148290967359282,0.85,21,3.9461553485576903
0.8406666666666667,0.16911111111111113,0.5384666666666666,0.030534351145038167,0.9694656488549618,0.033854166666666664,0.4266666666666667,0.01283745587736567,0.85,22,4.343843149038472
0.8488888888888889,0.22333333333333333,0.5673888888888888,0.033962264150943396,0.9660377358490566,0.05489260143198091,0.46555555555555556,0.025029664138484606,0.85,23,3.9620222355769226
0.8388888888888889,0.17888888888888888,0.5418888888888889,0.029411764705882353,0.9705882352941176,0.05370843989769821,0.43444444444444447,0.021692766316182752,0.85,24,4.383859675480763
0.8537777777777779,0.2581111111111111,0.5857277777777777,0.04924242424242424,0.9507575757575758,0.04081632653061224,0.49,0.022229660518364606,0.85,25,4.162926682692302
0.8386666666666667,0.2301111111111111,0.5648166666666667,0.01568627450980392,0.984313725490196,0.03546099290780142,0.47,0.020031210542647646,0.85,26,4.3099654447115405
0.83,0.25555555555555554,0.5715000000000001,0.008547008547008548,0.9914529914529915,0.045662100456621,0.4866666666666667,0.030608186271849653,0.85,27,3.7164287860576932
0.8413333333333334,0.26711111111111113,0.5829333333333333,0.024390243902439025,0.975609756097561,0.0515695067264574,0.4955555555555556,0.026106785479599742,0.85,28,3.98182542067308
0.8713333333333334,0.24988888888888885,0.5916833333333334,0.030418250950570342,0.9695817490494296,0.02981651376146789,0.48444444444444446,0.011174257516287691,0.85,29,4.354227764423078
0.8488888888888889,0.19777777777777777,0.5558888888888889,0.03501945525291829,0.9649805447470817,0.029850746268656716,0.44666666666666666,0.010610363359916277,0.9,0,6.676293569711552
0.8444444444444444,0.155,0.5341944444444444,0.030821917808219176,0.9691780821917808,0.04509283819628647,0.41888888888888887,0.029286287914443453,0.9,1,6.645455228365383
0.8643333333333333,0.22333333333333333,0.5758833333333333,0.02564102564102564,0.9743589743589743,0.0779816513761468,0.48444444444444446,0.034144063794669166,0.9,2,6.598069411057688
0.8382222222222223,0.23755555555555558,0.5679222222222222,0.034220532319391636,0.9657794676806084,0.0630841121495327,0.47555555555555556,0.03484735558312149,0.9,3,6.398562199519242
0.8288888888888889,0.18833333333333332,0.5406388888888889,0.03861003861003861,0.9613899613899614,0.047979797979797977,0.44,0.01931470605733223,0.9,4,6.421111778846152
0.8417777777777778,0.18355555555555556,0.5455777777777778,0.01858736059479554,0.9814126394052045,0.03553299492385787,0.43777777777777777,0.02525696482423248,0.9,5,6.6000691105769125
0.8377777777777777,0.21222222222222223,0.5562777777777778,0.03557312252964427,0.9644268774703557,0.046228710462287104,0.45666666666666667,0.02198506724761995,0.9,6,6.400838341346156
0.8317777777777778,0.1868888888888889,0.5415777777777778,0.015037593984962405,0.9849624060150376,0.050505050505050504,0.44,0.02162098064361729,0.9,7,6.5527118389422965
0.8646666666666667,0.18599999999999997,0.5592666666666667,0.033962264150943396,0.9660377358490566,0.02531645569620253,0.4388888888888889,0.014494030224095875,0.9,8,6.850880408653845
0.863111111111111,0.20955555555555555,0.569011111111111,0.014705882352941176,0.9852941176470589,0.024330900243309004,0.45666666666666667,0.017260268435226,0.9,9,6.346413762019234
0.8691111111111112,0.1887777777777778,0.5629611111111111,0.010869565217391304,0.9891304347826086,0.02512562814070352,0.44222222222222224,0.014797659732913672,0.9,10,6.7701757812499945
0.8513333333333334,0.22822222222222227,0.5709333333333334,0.02681992337164751,0.9731800766283525,0.02843601895734597,0.4688888888888889,0.01896487350354943,0.9,11,6.198282752403843
0.8382222222222223,0.18533333333333332,0.5444222222222223,0.0038022813688212928,0.9961977186311787,0.04556962025316456,0.4388888888888889,0.02238925226475247,0.9,12,6.363529146634617
0.8444444444444444,0.20277777777777778,0.5556944444444445,0.031914893617021274,0.9680851063829787,0.04914004914004914,0.45222222222222225,0.023987442221223797,0.9,13,5.76160606971154
0.8633333333333333,0.20944444444444443,0.5690833333333333,0.022988505747126436,0.9770114942528736,0.02926829268292683,0.45555555555555555,0.013387865460135252,0.9,14,6.217285156249994
0.8442222222222222,0.179,0.5448722222222222,0.02464788732394366,0.9753521126760564,0.04081632653061224,0.43555555555555553,0.02452538580416439,0.9,15,6.096835937499997
0.8582222222222222,0.22255555555555556,0.5721722222222223,0.022304832713754646,0.9776951672862454,0.045346062052505964,0.46555555555555556,0.027056477719118018,0.9,16,5.980235877403853
0.8411111111111111,0.16444444444444445,0.5366111111111111,0.01107011070110701,0.988929889298893,0.031413612565445025,0.42444444444444446,0.010830731465996238,0.9,17,6.697734374999989
0.8486666666666666,0.22733333333333333,0.5690666666666667,0.040293040293040296,0.9597069597069597,0.04265402843601896,0.4688888888888889,0.01616436748776036,0.9,18,6.041969651442309
0.8497777777777777,0.174,0.5456777777777778,0.029197080291970802,0.9708029197080292,0.03608247422680412,0.4311111111111111,0.011831993797570321,0.9,19,6.637756911057683
0.844888888888889,0.19922222222222224,0.5543388888888889,0.02464788732394366,0.9753521126760564,0.05432098765432099,0.45,0.0270118552499165,0.9,20,6.49343449519231
0.8377777777777777,0.1711111111111111,0.5377777777777778,0.01858736059479554,0.9814126394052045,0.04145077720207254,0.4288888888888889,0.015496380839698,0.9,21,6.1772310697115556
0.8433333333333334,0.14722222222222223,0.5300833333333334,0.026717557251908396,0.9732824427480916,0.021621621621621623,0.4111111111111111,0.012676688341081344,0.9,22,6.575180288461546
0.8544444444444445,0.20777777777777778,0.5634444444444444,0.033962264150943396,0.9660377358490566,0.03667481662591687,0.45444444444444443,0.02054432215973157,0.9,23,6.1813777043269384
0.842,0.16955555555555557,0.5394,0.029411764705882353,0.9705882352941176,0.04155844155844156,0.42777777777777776,0.015979281286980042,0.9,24,6.637004206730775
0.8586666666666667,0.244,0.5820666666666665,0.045454545454545456,0.9545454545454546,0.034722222222222224,0.48,0.020986430301466897,0.9,25,6.419018930288454
0.8437777777777778,0.20811111111111108,0.5577277777777777,0.00784313725490196,0.9921568627450981,0.022004889975550123,0.45444444444444443,0.022793477921736714,0.9,26,6.557110877403848
0.8295555555555555,0.2524444444444444,0.5698555555555557,0.008547008547008548,0.9914529914529915,0.045871559633027525,0.48444444444444446,0.022982212480730718,0.9,27,5.9309870793269255
0.8442222222222222,0.25622222222222224,0.5796222222222221,0.024390243902439025,0.975609756097561,0.04555808656036447,0.48777777777777775,0.02840350306578409,0.9,28,6.233131009615379
0.8762222222222223,0.2341111111111111,0.5872722222222222,0.022813688212927757,0.9771863117870723,0.02112676056338028,0.47333333333333333,0.012862478383884985,0.9,29,6.5913596754807795
0.8537777777777779,0.19311111111111112,0.5564777777777778,0.03501945525291829,0.9649805447470817,0.022556390977443608,0.44333333333333336,0.011515080939655229,0.95,0,9.023822115384629
0.8452222222222223,0.1518888888888889,0.5332222222222222,0.030821917808219176,0.9691780821917808,0.05291005291005291,0.42,0.020998304162917807,0.95,1,8.969777644230756
0.8622222222222223,0.19722222222222222,0.5629722222222222,0.02197802197802198,0.978021978021978,0.019851116625310174,0.4477777777777778,0.009570803420748774,0.95,2,8.938224158653842
0.8386666666666668,0.22622222222222224,0.5630666666666666,0.019011406844106463,0.9809885931558935,0.06175771971496437,0.4677777777777778,0.036805994242618115,0.95,3,8.729930889423084
0.8293333333333335,0.18200000000000002,0.5380333333333334,0.03474903474903475,0.9652509652509652,0.04591836734693878,0.43555555555555553,0.019841087311642414,0.95,4,8.7333067908654
0.8415555555555556,0.1708888888888889,0.5397555555555555,0.011152416356877323,0.9888475836431226,0.031088082901554404,0.4288888888888889,0.018517183205581954,0.95,5,8.918290264423074
0.8364444444444444,0.2106666666666667,0.5548444444444444,0.03557312252964427,0.9644268774703557,0.046341463414634146,0.45555555555555555,0.027203230720542374,0.95,6,8.705534855769232
0.8335555555555556,0.1837777777777778,0.5411555555555556,0.015037593984962405,0.9849624060150376,0.04568527918781726,0.43777777777777777,0.013483743778925795,0.95,7,8.87088341346154
0.8642222222222223,0.18288888888888888,0.5576222222222222,0.033962264150943396,0.9660377358490566,0.022900763358778626,0.43666666666666665,0.01436024880637364,0.95,8,9.197349759615388
0.8637777777777779,0.20477777777777778,0.5672277777777778,0.011029411764705883,0.9889705882352942,0.022058823529411766,0.4533333333333333,0.011218792301846144,0.95,9,8.666373197115382
0.8684444444444445,0.1841111111111111,0.5604944444444444,0.010869565217391304,0.9891304347826086,0.02278481012658228,0.4388888888888889,0.012978689247186422,0.95,10,9.090115685096155
0.85,0.23444444444444446,0.5730000000000001,0.02681992337164751,0.9731800766283525,0.03286384976525822,0.47333333333333333,0.019862526498587083,0.95,11,8.519101562500003
0.84,0.17444444444444446,0.5405000000000001,0.0038022813688212928,0.9961977186311787,0.03608247422680412,0.4311111111111111,0.02259084938813105,0.95,12,8.673423978365376
0.8444444444444444,0.19166666666666668,0.5506944444444445,0.024822695035460994,0.975177304964539,0.045,0.4444444444444444,0.02375854317654724,0.95,13,8.101470853365381
0.8642222222222222,0.19844444444444445,0.5646222222222221,0.019157088122605363,0.9808429118773946,0.022332506203473945,0.4477777777777778,0.02211165081348384,0.95,14,8.54172175480769
0.8442222222222222,0.179,0.5448722222222222,0.02464788732394366,0.9753521126760564,0.04081632653061224,0.43555555555555553,0.023339592434145472,0.95,15,8.409788161057705
0.8582222222222222,0.22255555555555556,0.5721722222222223,0.022304832713754646,0.9776951672862454,0.045346062052505964,0.46555555555555556,0.03005969629438576,0.95,16,8.255199819711542
0.8476666666666667,0.16266666666666668,0.5394166666666667,0.01107011070110701,0.988929889298893,0.04884318766066838,0.43222222222222223,0.03001925276660588,0.95,17,8.999932391826924
0.85,0.21166666666666667,0.56275,0.03663003663003663,0.9633699633699634,0.03398058252427184,0.4577777777777778,0.015455179324435641,0.95,18,8.350650540865379
0.8506666666666667,0.16133333333333333,0.5404666666666667,0.021897810218978103,0.9781021897810219,0.02894736842105263,0.4222222222222222,0.011910658169052691,0.95,19,8.968030348557686
0.8435555555555556,0.19766666666666668,0.5529055555555555,0.02464788732394366,0.9753521126760564,0.054455445544554455,0.4488888888888889,0.027979093185491757,0.95,20,8.834042968750012
0.8373333333333333,0.16966666666666666,0.5368833333333334,0.022304832713754646,0.9776951672862454,0.04155844155844156,0.42777777777777776,0.016418640873781146,0.95,21,8.520247896634611
0.845111111111111,0.14244444444444443,0.5289111111111111,0.022900763358778626,0.9770992366412213,0.01907356948228883,0.4077777777777778,0.015420186129735811,0.95,22,8.890549879807676
0.854888888888889,0.19977777777777775,0.560088888888889,0.026415094339622643,0.9735849056603774,0.034653465346534656,0.4488888888888889,0.021045210212653598,0.95,23,8.504128605769235
0.8424444444444444,0.15822222222222226,0.5345444444444445,0.014705882352941176,0.9852941176470589,0.03968253968253968,0.42,0.01595652084279595,0.95,24,8.96829927884615
0.8586666666666666,0.23455555555555554,0.5778166666666666,0.041666666666666664,0.9583333333333334,0.03286384976525822,0.47333333333333333,0.016764680023406663,0.95,25,8.748505108173074
0.8437777777777778,0.20811111111111108,0.5577277777777777,0.00784313725490196,0.9921568627450981,0.022004889975550123,0.45444444444444443,0.021050991194674303,0.95,26,8.867838040865372
0.83,0.2461111111111111,0.56725,0.004273504273504274,0.9957264957264957,0.04398148148148148,0.48,0.022432469999022372,0.95,27,8.268001802884607
0.844,0.253,0.5780499999999998,0.02032520325203252,0.9796747967479674,0.04576659038901602,0.4855555555555556,0.025715362343305723,0.95,28,8.546437800480765
0.8762222222222222,0.22466666666666668,0.5830222222222222,0.019011406844106463,0.9809885931558935,0.016666666666666666,0.4666666666666667,0.014415763920549128,0.95,29,8.88932842548076
